location,employment_status,count,avg_urgency_score
三重県,就業中,4,5.5
三重県いなべ市,就業中,2,5.0
三重県亀山市,就業中,3,5.0
三重県伊勢市,就業中,1,5.0
三重県伊賀市,在学中,1,4.0
三重県伊賀市,就業中,5,5.0
三重県北牟婁郡紀北町,就業中,1,5.0
三重県名張市,就業中,3,5.0
三重県名張市,離職中,1,8.0
三重県員弁郡東員町,就業中,1,5.0
三重県四日市市,就業中,6,5.166666666666667
三重県四日市市,離職中,2,7.5
三重県多気郡多気町,就業中,1,5.0
三重県多気郡明和町,就業中,1,5.0
三重県度会郡大紀町,就業中,1,5.0
三重県度会郡度会町,就業中,1,5.0
三重県度会郡玉城町,就業中,1,5.0
三重県志摩市,就業中,4,5.75
三重県松阪市,就業中,7,4.857142857142857
三重県松阪市,離職中,2,7.0
三重県桑名市,就業中,4,5.5
三重県桑名市,離職中,1,8.0
三重県津市,就業中,6,5.333333333333333
三重県津市,離職中,3,7.333333333333333
三重県鈴鹿市,就業中,5,4.8
三重県鈴鹿市,離職中,1,8.0
三重県鳥羽市,就業中,1,5.0
京都府,在学中,16,2.125
京都府,就業中,353,4.18413597733711
京都府,離職中,131,5.251908396946565
京都府与謝郡与謝野町,在学中,2,1.0
京都府与謝郡与謝野町,就業中,20,3.3
京都府与謝郡与謝野町,離職中,16,3.9375
京都府与謝郡伊根町,就業中,2,2.5
京都府与謝郡伊根町,離職中,1,5.0
京都府久世郡久御山町,在学中,3,1.3333333333333333
京都府久世郡久御山町,就業中,78,4.512820512820513
京都府久世郡久御山町,離職中,20,5.6
京都府乙訓郡大山崎町,在学中,5,1.2
京都府乙訓郡大山崎町,就業中,52,4.423076923076923
京都府乙訓郡大山崎町,離職中,28,5.178571428571429
京都府亀岡市,在学中,15,1.8
京都府亀岡市,就業中,198,3.474747474747475
京都府亀岡市,離職中,95,4.378947368421053
京都府京丹後市,在学中,1,1.0
京都府京丹後市,就業中,37,2.8378378378378377
京都府京丹後市,離職中,20,3.9
京都府京田辺市,在学中,13,1.3076923076923077
京都府京田辺市,就業中,199,4.437185929648241
京都府京田辺市,離職中,90,4.9
京都府京都市上京区,在学中,38,2.4210526315789473
京都府京都市上京区,就業中,359,4.456824512534819
京都府京都市上京区,離職中,215,5.32093023255814
京都府京都市下京区,在学中,24,2.7083333333333335
京都府京都市下京区,就業中,498,4.447791164658635
京都府京都市下京区,離職中,282,5.25886524822695
京都府京都市中京区,在学中,38,2.1578947368421053
京都府京都市中京区,就業中,516,4.35077519379845
京都府京都市中京区,離職中,264,5.268939393939394
京都府京都市伏見区,在学中,77,1.896103896103896
京都府京都市伏見区,就業中,1121,3.8974130240856377
京都府京都市伏見区,離職中,550,4.8090909090909095
京都府京都市北区,在学中,50,1.8
京都府京都市北区,就業中,352,4.002840909090909
京都府京都市北区,離職中,193,5.062176165803109
京都府京都市南区,在学中,30,2.2666666666666666
京都府京都市南区,就業中,552,4.295289855072464
京都府京都市南区,離職中,303,5.151815181518152
京都府京都市右京区,在学中,46,2.152173913043478
京都府京都市右京区,就業中,723,3.8852005532503457
京都府京都市右京区,離職中,349,4.891117478510028
京都府京都市山科区,在学中,54,2.314814814814815
京都府京都市山科区,就業中,659,3.9013657056145674
京都府京都市山科区,離職中,320,4.878125
京都府京都市左京区,在学中,46,2.108695652173913
京都府京都市左京区,就業中,364,4.208791208791209
京都府京都市左京区,離職中,200,4.955
京都府京都市東山区,在学中,14,2.642857142857143
京都府京都市東山区,就業中,224,4.665178571428571
京都府京都市東山区,離職中,120,5.8
京都府京都市西京区,在学中,37,2.5945945945945947
京都府京都市西京区,就業中,588,4.113945578231292
京都府京都市西京区,離職中,297,5.013468013468014
京都府八幡市,在学中,10,1.9
京都府八幡市,就業中,265,4.39622641509434
京都府八幡市,離職中,114,5.0701754385964914
京都府南丹市,在学中,12,1.5833333333333333
京都府南丹市,就業中,79,3.810126582278481
京都府南丹市,離職中,44,4.386363636363637
京都府向日市,在学中,8,1.75
京都府向日市,就業中,215,4.311627906976744
京都府向日市,離職中,104,5.384615384615385
京都府城陽市,在学中,8,1.75
京都府城陽市,就業中,261,4.226053639846743
京都府城陽市,離職中,110,5.127272727272727
京都府宇治市,在学中,31,1.6129032258064515
京都府宇治市,就業中,580,3.889655172413793
京都府宇治市,離職中,262,4.809160305343512
京都府宮津市,在学中,1,1.0
京都府宮津市,就業中,22,3.590909090909091
京都府宮津市,離職中,10,4.1
京都府木津川市,在学中,19,1.6842105263157894
京都府木津川市,就業中,275,4.1454545454545455
京都府木津川市,離職中,124,5.153225806451613
京都府相楽郡南山城村,就業中,5,4.4
京都府相楽郡南山城村,離職中,4,3.75
京都府相楽郡和束町,就業中,5,5.0
京都府相楽郡笠置町,就業中,4,4.5
京都府相楽郡精華町,在学中,6,1.8333333333333333
京都府相楽郡精華町,就業中,118,4.3559322033898304
京都府相楽郡精華町,離職中,60,5.3
京都府福知山市,在学中,7,1.2857142857142858
京都府福知山市,就業中,86,3.4069767441860463
京都府福知山市,離職中,60,4.1
京都府綴喜郡井手町,就業中,16,4.375
京都府綴喜郡井手町,離職中,18,6.0
京都府綴喜郡宇治田原町,在学中,4,2.75
京都府綴喜郡宇治田原町,就業中,21,4.904761904761905
京都府綴喜郡宇治田原町,離職中,10,5.2
京都府綾部市,在学中,2,1.5
京都府綾部市,就業中,30,3.8666666666666667
京都府綾部市,離職中,12,4.583333333333333
京都府舞鶴市,在学中,7,2.0
京都府舞鶴市,就業中,85,3.2941176470588234
京都府舞鶴市,離職中,49,4.0
京都府船井郡京丹波町,在学中,1,1.0
京都府船井郡京丹波町,就業中,15,3.3333333333333335
京都府船井郡京丹波町,離職中,10,4.7
京都府長岡京市,在学中,10,2.6
京都府長岡京市,就業中,304,4.279605263157895
京都府長岡京市,離職中,167,5.25748502994012
佐賀県,就業中,2,5.5
佐賀県三養基郡基山町,離職中,1,6.0
佐賀県佐賀市,就業中,1,6.0
佐賀県唐津市,就業中,1,5.0
佐賀県唐津市,離職中,1,6.0
佐賀県多久市,就業中,1,6.0
佐賀県嬉野市,就業中,1,6.0
佐賀県小城市,就業中,1,6.0
佐賀県武雄市,就業中,1,6.0
佐賀県神埼市,離職中,1,5.0
佐賀県神埼郡吉野ヶ里町,就業中,1,6.0
佐賀県西松浦郡有田町,就業中,1,5.0
佐賀県鹿島市,就業中,1,6.0
兵庫県,就業中,38,4.973684210526316
兵庫県,離職中,14,5.214285714285714
兵庫県たつの市,就業中,1,6.0
兵庫県たつの市,離職中,1,7.0
兵庫県三木市,就業中,1,6.0
兵庫県三木市,離職中,3,7.333333333333333
兵庫県三田市,就業中,7,5.285714285714286
兵庫県三田市,離職中,8,6.625
兵庫県丹波市,就業中,11,4.181818181818182
兵庫県丹波市,離職中,8,5.25
兵庫県丹波篠山市,就業中,10,4.8
兵庫県丹波篠山市,離職中,6,5.166666666666667
兵庫県伊丹市,在学中,1,5.0
兵庫県伊丹市,就業中,15,5.6
兵庫県伊丹市,離職中,14,6.785714285714286
兵庫県加古川市,就業中,10,5.3
兵庫県加古川市,離職中,4,6.25
兵庫県加古郡稲美町,就業中,1,6.0
兵庫県加古郡稲美町,離職中,2,6.0
兵庫県加東市,就業中,1,6.0
兵庫県加東市,離職中,3,6.333333333333333
兵庫県加西市,就業中,1,6.0
兵庫県加西市,離職中,1,5.0
兵庫県南あわじ市,就業中,1,6.0
兵庫県多可郡多可町,就業中,2,5.0
兵庫県多可郡多可町,離職中,2,6.5
兵庫県姫路市,就業中,10,5.1
兵庫県姫路市,離職中,7,7.142857142857143
兵庫県宍粟市,就業中,1,6.0
兵庫県宝塚市,在学中,1,4.0
兵庫県宝塚市,就業中,21,5.333333333333333
兵庫県宝塚市,離職中,13,6.384615384615385
兵庫県小野市,就業中,2,6.0
兵庫県小野市,離職中,2,6.5
兵庫県尼崎市,在学中,2,4.5
兵庫県尼崎市,就業中,38,5.394736842105263
兵庫県尼崎市,離職中,26,6.423076923076923
兵庫県川西市,在学中,1,5.0
兵庫県川西市,就業中,15,5.2
兵庫県川西市,離職中,9,6.666666666666667
兵庫県川辺郡猪名川町,在学中,1,2.0
兵庫県川辺郡猪名川町,就業中,4,5.0
兵庫県川辺郡猪名川町,離職中,4,6.75
兵庫県揖保郡太子町,就業中,2,7.0
兵庫県揖保郡太子町,離職中,1,9.0
兵庫県明石市,在学中,1,5.0
兵庫県明石市,就業中,8,6.0
兵庫県明石市,離職中,8,6.125
兵庫県朝来市,就業中,3,5.0
兵庫県朝来市,離職中,1,5.0
兵庫県洲本市,就業中,1,6.0
兵庫県洲本市,離職中,1,7.0
兵庫県淡路市,就業中,3,5.666666666666667
兵庫県淡路市,離職中,1,6.0
兵庫県相生市,就業中,1,6.0
兵庫県神崎郡市川町,就業中,2,5.5
兵庫県神崎郡神河町,就業中,2,5.0
兵庫県神戸市中央区,在学中,2,4.5
兵庫県神戸市中央区,就業中,16,5.0625
兵庫県神戸市中央区,離職中,12,6.416666666666667
兵庫県神戸市兵庫区,在学中,2,4.5
兵庫県神戸市兵庫区,就業中,6,5.666666666666667
兵庫県神戸市兵庫区,離職中,7,6.285714285714286
兵庫県神戸市北区,就業中,15,5.066666666666666
兵庫県神戸市北区,離職中,10,6.7
兵庫県神戸市垂水区,在学中,1,5.0
兵庫県神戸市垂水区,就業中,8,5.125
兵庫県神戸市垂水区,離職中,7,6.571428571428571
兵庫県神戸市東灘区,在学中,1,5.0
兵庫県神戸市東灘区,就業中,14,5.357142857142857
兵庫県神戸市東灘区,離職中,10,6.5
兵庫県神戸市灘区,在学中,2,4.5
兵庫県神戸市灘区,就業中,13,5.923076923076923
兵庫県神戸市灘区,離職中,15,6.066666666666666
兵庫県神戸市西区,在学中,1,5.0
兵庫県神戸市西区,就業中,5,6.2
兵庫県神戸市西区,離職中,11,6.909090909090909
兵庫県神戸市長田区,在学中,1,5.0
兵庫県神戸市長田区,就業中,7,5.571428571428571
兵庫県神戸市長田区,離職中,6,6.5
兵庫県神戸市須磨区,在学中,1,5.0
兵庫県神戸市須磨区,就業中,4,4.75
兵庫県神戸市須磨区,離職中,7,6.142857142857143
兵庫県芦屋市,在学中,2,4.5
兵庫県芦屋市,就業中,15,5.133333333333334
兵庫県芦屋市,離職中,8,6.125
兵庫県西宮市,在学中,2,4.5
兵庫県西宮市,就業中,31,5.451612903225806
兵庫県西宮市,離職中,23,6.565217391304348
兵庫県西脇市,就業中,4,5.25
兵庫県西脇市,離職中,1,7.0
兵庫県豊岡市,就業中,5,3.6
兵庫県豊岡市,離職中,5,4.4
兵庫県赤穂市,就業中,1,4.0
兵庫県養父市,就業中,3,3.6666666666666665
兵庫県高砂市,就業中,3,5.666666666666667
北海道,就業中,3,5.666666666666667
北海道,離職中,2,6.5
北海道二海郡八雲町,就業中,1,6.0
北海道千歳市,就業中,1,6.0
北海道旭川市,就業中,3,5.0
北海道札幌市中央区,就業中,3,6.0
北海道札幌市中央区,離職中,2,5.5
北海道札幌市北区,就業中,1,6.0
北海道札幌市北区,離職中,1,7.0
北海道札幌市南区,就業中,2,5.5
北海道札幌市厚別区,就業中,1,6.0
北海道札幌市手稲区,就業中,1,5.0
北海道札幌市手稲区,離職中,1,5.0
北海道札幌市東区,就業中,2,4.5
北海道札幌市東区,離職中,1,5.0
北海道札幌市清田区,就業中,1,6.0
北海道札幌市白石区,就業中,1,5.0
北海道札幌市西区,就業中,1,6.0
北海道札幌市西区,離職中,2,6.0
北海道札幌市豊平区,就業中,2,7.0
北海道河東郡音更町,就業中,1,6.0
北海道苫小牧市,就業中,1,5.0
北海道虻田郡倶知安町,就業中,1,6.0
北海道野付郡別海町,就業中,1,6.0
北海道釧路市,離職中,1,9.0
千葉県,就業中,6,5.666666666666667
千葉県,離職中,5,6.0
千葉県佐倉市,就業中,6,5.5
千葉県佐倉市,離職中,3,6.333333333333333
千葉県八千代市,在学中,1,4.0
千葉県八千代市,就業中,5,5.6
千葉県八千代市,離職中,1,6.0
千葉県八街市,就業中,2,5.0
千葉県八街市,離職中,1,5.0
千葉県千葉市中央区,就業中,13,5.615384615384615
千葉県千葉市中央区,離職中,2,6.0
千葉県千葉市稲毛区,在学中,1,4.0
千葉県千葉市稲毛区,就業中,7,5.857142857142857
千葉県千葉市稲毛区,離職中,2,6.0
千葉県千葉市緑区,就業中,7,5.285714285714286
千葉県千葉市緑区,離職中,2,6.5
千葉県千葉市美浜区,就業中,5,5.4
千葉県千葉市美浜区,離職中,2,6.0
千葉県千葉市花見川区,就業中,4,5.25
千葉県千葉市花見川区,離職中,4,5.25
千葉県千葉市若葉区,就業中,6,5.833333333333333
千葉県千葉市若葉区,離職中,2,6.5
千葉県印旛郡酒々井町,離職中,1,4.0
千葉県印西市,就業中,2,5.5
千葉県印西市,離職中,2,6.0
千葉県君津市,就業中,1,5.0
千葉県四街道市,就業中,5,5.4
千葉県四街道市,離職中,3,7.333333333333333
千葉県大網白里市,就業中,2,5.0
千葉県富津市,離職中,1,6.0
千葉県富里市,就業中,2,5.5
千葉県山武市,就業中,2,5.5
千葉県山武郡九十九里町,就業中,1,6.0
千葉県山武郡横芝光町,就業中,1,5.0
千葉県市原市,就業中,9,5.444444444444445
千葉県市原市,離職中,3,6.666666666666667
千葉県市川市,在学中,1,4.0
千葉県市川市,就業中,9,5.444444444444445
千葉県市川市,離職中,6,6.666666666666667
千葉県成田市,就業中,4,5.75
千葉県成田市,離職中,3,6.333333333333333
千葉県我孫子市,就業中,4,5.5
千葉県我孫子市,離職中,2,6.0
千葉県旭市,離職中,1,7.0
千葉県木更津市,就業中,1,6.0
千葉県木更津市,離職中,2,6.0
千葉県東金市,就業中,2,5.5
千葉県松戸市,在学中,1,4.0
千葉県松戸市,就業中,11,5.636363636363637
千葉県松戸市,離職中,3,5.666666666666667
千葉県柏市,在学中,2,3.0
千葉県柏市,就業中,9,5.666666666666667
千葉県柏市,離職中,7,6.428571428571429
千葉県流山市,在学中,1,4.0
千葉県流山市,就業中,11,5.363636363636363
千葉県流山市,離職中,2,7.0
千葉県浦安市,就業中,6,6.5
千葉県浦安市,離職中,2,6.0
千葉県白井市,在学中,1,4.0
千葉県白井市,就業中,1,6.0
千葉県習志野市,就業中,9,5.666666666666667
千葉県習志野市,離職中,4,7.0
千葉県船橋市,在学中,1,4.0
千葉県船橋市,就業中,14,5.285714285714286
千葉県船橋市,離職中,5,7.0
千葉県茂原市,就業中,3,5.666666666666667
千葉県袖ケ浦市,就業中,1,5.0
千葉県袖ケ浦市,離職中,3,7.0
千葉県野田市,在学中,1,4.0
千葉県野田市,就業中,2,6.0
千葉県野田市,離職中,3,6.333333333333333
千葉県銚子市,就業中,1,6.0
千葉県鎌ケ谷市,就業中,4,4.75
千葉県長生郡一宮町,就業中,1,5.0
千葉県香取市,就業中,2,7.0
千葉県香取市,離職中,1,7.0
和歌山県,就業中,5,5.8
和歌山県,離職中,2,5.5
和歌山県伊都郡かつらぎ町,離職中,1,6.0
和歌山県和歌山市,就業中,10,5.9
和歌山県和歌山市,離職中,4,6.75
和歌山県岩出市,就業中,3,5.333333333333333
和歌山県岩出市,離職中,1,6.0
和歌山県東牟婁郡串本町,就業中,1,6.0
和歌山県橋本市,就業中,4,5.75
和歌山県橋本市,離職中,1,6.0
和歌山県海南市,就業中,2,5.5
和歌山県田辺市,就業中,1,6.0
和歌山県紀の川市,就業中,1,6.0
和歌山県紀の川市,離職中,1,6.0
和歌山県西牟婁郡白浜町,就業中,1,4.0
埼玉県,就業中,7,5.714285714285714
埼玉県,離職中,5,6.0
埼玉県さいたま市中央区,就業中,5,5.6
埼玉県さいたま市中央区,離職中,1,7.0
埼玉県さいたま市北区,就業中,10,5.6
埼玉県さいたま市北区,離職中,1,6.0
埼玉県さいたま市南区,就業中,6,5.666666666666667
埼玉県さいたま市南区,離職中,4,6.75
埼玉県さいたま市大宮区,就業中,8,5.5
埼玉県さいたま市大宮区,離職中,3,6.333333333333333
埼玉県さいたま市岩槻区,就業中,6,5.666666666666667
埼玉県さいたま市岩槻区,離職中,3,6.0
埼玉県さいたま市桜区,就業中,7,5.857142857142857
埼玉県さいたま市浦和区,就業中,5,5.8
埼玉県さいたま市緑区,就業中,8,5.625
埼玉県さいたま市緑区,離職中,3,6.0
埼玉県さいたま市西区,就業中,7,5.142857142857143
埼玉県さいたま市西区,離職中,4,6.25
埼玉県さいたま市見沼区,就業中,7,5.571428571428571
埼玉県さいたま市見沼区,離職中,2,7.5
埼玉県ふじみ野市,就業中,3,5.666666666666667
埼玉県ふじみ野市,離職中,1,6.0
埼玉県三郷市,在学中,1,4.0
埼玉県三郷市,就業中,6,5.833333333333333
埼玉県三郷市,離職中,2,6.0
埼玉県上尾市,就業中,5,5.8
埼玉県上尾市,離職中,2,6.5
埼玉県久喜市,就業中,7,5.285714285714286
埼玉県久喜市,離職中,1,6.0
埼玉県児玉郡上里町,就業中,2,5.5
埼玉県児玉郡神川町,就業中,2,6.0
埼玉県入間市,就業中,6,5.833333333333333
埼玉県入間市,離職中,1,6.0
埼玉県入間郡三芳町,就業中,3,5.333333333333333
埼玉県入間郡三芳町,離職中,1,7.0
埼玉県八潮市,就業中,3,5.666666666666667
埼玉県八潮市,離職中,1,6.0
埼玉県加須市,就業中,3,5.333333333333333
埼玉県加須市,離職中,2,6.5
埼玉県北本市,就業中,4,5.75
埼玉県北葛飾郡杉戸町,就業中,1,4.0
埼玉県北足立郡伊奈町,離職中,1,7.0
埼玉県吉川市,就業中,6,5.666666666666667
埼玉県吉川市,離職中,1,6.0
埼玉県和光市,就業中,8,5.25
埼玉県和光市,離職中,1,6.0
埼玉県坂戸市,就業中,1,6.0
埼玉県大里郡寄居町,就業中,1,6.0
埼玉県富士見市,就業中,3,5.666666666666667
埼玉県富士見市,離職中,1,6.0
埼玉県川口市,就業中,11,5.636363636363637
埼玉県川口市,離職中,8,6.875
埼玉県川越市,就業中,9,5.555555555555555
埼玉県川越市,離職中,2,6.5
埼玉県幸手市,就業中,1,4.0
埼玉県志木市,就業中,3,5.333333333333333
埼玉県戸田市,就業中,6,5.333333333333333
埼玉県所沢市,就業中,7,5.571428571428571
埼玉県所沢市,離職中,4,5.75
埼玉県新座市,就業中,7,5.571428571428571
埼玉県新座市,離職中,4,6.25
埼玉県春日部市,就業中,7,5.714285714285714
埼玉県春日部市,離職中,5,6.8
埼玉県朝霞市,就業中,7,5.428571428571429
埼玉県朝霞市,離職中,2,6.0
埼玉県本庄市,就業中,4,5.25
埼玉県東松山市,就業中,3,6.0
埼玉県東松山市,離職中,1,7.0
埼玉県桶川市,就業中,4,5.75
埼玉県桶川市,離職中,1,7.0
埼玉県比企郡小川町,就業中,1,6.0
埼玉県比企郡嵐山町,就業中,1,6.0
埼玉県比企郡川島町,就業中,1,6.0
埼玉県比企郡川島町,離職中,1,7.0
埼玉県深谷市,就業中,5,5.8
埼玉県深谷市,離職中,1,6.0
埼玉県熊谷市,就業中,5,6.0
埼玉県熊谷市,離職中,1,6.0
埼玉県狭山市,就業中,9,5.888888888888889
埼玉県狭山市,離職中,1,6.0
埼玉県白岡市,就業中,4,6.25
埼玉県白岡市,離職中,2,7.0
埼玉県秩父市,就業中,2,6.0
埼玉県秩父郡長瀞町,就業中,2,6.0
埼玉県草加市,就業中,9,5.333333333333333
埼玉県蓮田市,就業中,5,5.8
埼玉県蕨市,就業中,7,6.142857142857143
埼玉県蕨市,離職中,1,6.0
埼玉県行田市,就業中,1,6.0
埼玉県越谷市,就業中,12,5.5
埼玉県越谷市,離職中,2,6.0
埼玉県飯能市,就業中,2,5.5
埼玉県飯能市,離職中,1,7.0
埼玉県鴻巣市,就業中,5,5.6
埼玉県鴻巣市,離職中,2,7.0
埼玉県鶴ヶ島市,就業中,3,5.666666666666667
大分県,就業中,1,6.0
大分県,離職中,1,6.0
大分県中津市,就業中,1,3.0
大分県中津市,離職中,1,6.0
大分県別府市,就業中,1,7.0
大分県大分市,就業中,3,7.0
大分県日田市,就業中,1,6.0
大分県日田市,離職中,1,6.0
大分県速見郡日出町,就業中,1,7.0
大阪府,在学中,5,2.2
大阪府,就業中,112,4.866071428571429
大阪府,離職中,43,5.651162790697675
大阪府三島郡島本町,就業中,29,5.103448275862069
大阪府三島郡島本町,離職中,22,5.681818181818182
大阪府交野市,在学中,1,4.0
大阪府交野市,就業中,77,5.103896103896104
大阪府交野市,離職中,30,6.2
大阪府八尾市,在学中,1,5.0
大阪府八尾市,就業中,40,5.8
大阪府八尾市,離職中,18,6.944444444444445
大阪府南河内郡太子町,就業中,2,5.5
大阪府南河内郡河南町,離職中,2,6.0
大阪府吹田市,在学中,4,4.5
大阪府吹田市,就業中,60,5.466666666666667
大阪府吹田市,離職中,51,6.411764705882353
大阪府和泉市,就業中,13,5.538461538461538
大阪府和泉市,離職中,9,6.444444444444445
大阪府四條畷市,就業中,21,5.428571428571429
大阪府四條畷市,離職中,8,6.375
大阪府堺市中区,在学中,2,3.5
大阪府堺市中区,就業中,14,5.285714285714286
大阪府堺市中区,離職中,13,6.6923076923076925
大阪府堺市北区,在学中,1,4.0
大阪府堺市北区,就業中,21,5.809523809523809
大阪府堺市北区,離職中,15,6.8
大阪府堺市南区,就業中,12,5.5
大阪府堺市南区,離職中,12,6.416666666666667
大阪府堺市堺区,就業中,19,5.684210526315789
大阪府堺市堺区,離職中,12,6.833333333333333
大阪府堺市東区,就業中,6,6.0
大阪府堺市東区,離職中,10,6.0
大阪府堺市美原区,就業中,3,6.0
大阪府堺市美原区,離職中,5,6.4
大阪府堺市西区,在学中,2,3.5
大阪府堺市西区,就業中,13,5.6923076923076925
大阪府堺市西区,離職中,8,6.25
大阪府大東市,在学中,2,3.5
大阪府大東市,就業中,34,5.735294117647059
大阪府大東市,離職中,21,6.714285714285714
大阪府大阪市中央区,在学中,3,4.333333333333333
大阪府大阪市中央区,就業中,72,5.527777777777778
大阪府大阪市中央区,離職中,36,6.416666666666667
大阪府大阪市住之江区,在学中,1,5.0
大阪府大阪市住之江区,就業中,26,5.615384615384615
大阪府大阪市住之江区,離職中,15,6.666666666666667
大阪府大阪市住吉区,在学中,3,3.6666666666666665
大阪府大阪市住吉区,就業中,35,5.514285714285714
大阪府大阪市住吉区,離職中,21,6.761904761904762
大阪府大阪市北区,在学中,6,4.0
大阪府大阪市北区,就業中,99,5.393939393939394
大阪府大阪市北区,離職中,54,6.444444444444445
大阪府大阪市城東区,在学中,2,4.5
大阪府大阪市城東区,就業中,41,5.463414634146342
大阪府大阪市城東区,離職中,34,6.352941176470588
大阪府大阪市大正区,在学中,1,4.0
大阪府大阪市大正区,就業中,15,5.333333333333333
大阪府大阪市大正区,離職中,12,6.666666666666667
大阪府大阪市天王寺区,就業中,38,5.473684210526316
大阪府大阪市天王寺区,離職中,20,6.75
大阪府大阪市平野区,在学中,3,4.333333333333333
大阪府大阪市平野区,就業中,48,5.583333333333333
大阪府大阪市平野区,離職中,28,6.892857142857143
大阪府大阪市旭区,在学中,1,4.0
大阪府大阪市旭区,就業中,30,5.633333333333334
大阪府大阪市旭区,離職中,25,6.4
大阪府大阪市東住吉区,在学中,2,3.5
大阪府大阪市東住吉区,就業中,30,5.533333333333333
大阪府大阪市東住吉区,離職中,21,7.0476190476190474
大阪府大阪市東成区,在学中,2,3.5
大阪府大阪市東成区,就業中,32,5.6875
大阪府大阪市東成区,離職中,21,6.523809523809524
大阪府大阪市東淀川区,在学中,5,4.0
大阪府大阪市東淀川区,就業中,51,5.470588235294118
大阪府大阪市東淀川区,離職中,45,6.711111111111111
大阪府大阪市此花区,就業中,21,5.761904761904762
大阪府大阪市此花区,離職中,11,6.818181818181818
大阪府大阪市浪速区,在学中,1,3.0
大阪府大阪市浪速区,就業中,44,5.636363636363637
大阪府大阪市浪速区,離職中,30,6.566666666666666
大阪府大阪市淀川区,在学中,4,4.25
大阪府大阪市淀川区,就業中,51,5.607843137254902
大阪府大阪市淀川区,離職中,41,6.609756097560975
大阪府大阪市港区,在学中,3,4.0
大阪府大阪市港区,就業中,15,5.866666666666666
大阪府大阪市港区,離職中,14,6.857142857142857
大阪府大阪市生野区,在学中,2,4.5
大阪府大阪市生野区,就業中,50,5.68
大阪府大阪市生野区,離職中,28,6.5
大阪府大阪市福島区,在学中,3,3.0
大阪府大阪市福島区,就業中,32,5.5
大阪府大阪市福島区,離職中,14,6.642857142857143
大阪府大阪市西区,在学中,1,4.0
大阪府大阪市西区,就業中,39,5.615384615384615
大阪府大阪市西区,離職中,22,6.545454545454546
大阪府大阪市西成区,在学中,1,5.0
大阪府大阪市西成区,就業中,52,5.634615384615385
大阪府大阪市西成区,離職中,22,6.545454545454546
大阪府大阪市西淀川区,在学中,2,4.0
大阪府大阪市西淀川区,就業中,33,5.484848484848484
大阪府大阪市西淀川区,離職中,22,6.818181818181818
大阪府大阪市都島区,在学中,1,4.0
大阪府大阪市都島区,就業中,49,5.489795918367347
大阪府大阪市都島区,離職中,28,6.464285714285714
大阪府大阪市阿倍野区,在学中,4,4.0
大阪府大阪市阿倍野区,就業中,34,5.5588235294117645
大阪府大阪市阿倍野区,離職中,15,6.466666666666667
大阪府大阪市鶴見区,在学中,3,4.333333333333333
大阪府大阪市鶴見区,就業中,34,5.647058823529412
大阪府大阪市鶴見区,離職中,17,6.705882352941177
大阪府大阪狭山市,就業中,4,6.0
大阪府大阪狭山市,離職中,7,6.285714285714286
大阪府守口市,在学中,2,4.0
大阪府守口市,就業中,51,5.529411764705882
大阪府守口市,離職中,37,6.081081081081081
大阪府富田林市,就業中,10,5.4
大阪府富田林市,離職中,7,7.142857142857143
大阪府寝屋川市,在学中,2,4.5
大阪府寝屋川市,就業中,84,5.333333333333333
大阪府寝屋川市,離職中,43,6.232558139534884
大阪府岸和田市,就業中,16,5.8125
大阪府岸和田市,離職中,5,7.4
大阪府摂津市,在学中,2,4.0
大阪府摂津市,就業中,24,5.375
大阪府摂津市,離職中,26,6.230769230769231
大阪府東大阪市,在学中,3,3.3333333333333335
大阪府東大阪市,就業中,84,5.404761904761905
大阪府東大阪市,離職中,43,6.558139534883721
大阪府松原市,就業中,14,6.071428571428571
大阪府松原市,離職中,7,6.571428571428571
大阪府枚方市,在学中,7,2.857142857142857
大阪府枚方市,就業中,300,4.673333333333333
大阪府枚方市,離職中,125,5.576
大阪府柏原市,在学中,1,5.0
大阪府柏原市,就業中,5,6.6
大阪府柏原市,離職中,6,6.5
大阪府池田市,在学中,1,4.0
大阪府池田市,就業中,20,5.5
大阪府池田市,離職中,12,6.833333333333333
大阪府河内長野市,就業中,6,5.666666666666667
大阪府河内長野市,離職中,6,6.0
大阪府泉佐野市,就業中,9,5.777777777777778
大阪府泉佐野市,離職中,4,7.0
大阪府泉北郡忠岡町,就業中,1,6.0
大阪府泉北郡忠岡町,離職中,1,9.0
大阪府泉南市,就業中,3,6.0
大阪府泉南市,離職中,3,8.0
大阪府泉南郡岬町,就業中,1,6.0
大阪府泉南郡岬町,離職中,1,6.0
大阪府泉南郡熊取町,就業中,1,6.0
大阪府泉南郡熊取町,離職中,3,7.0
大阪府泉大津市,就業中,7,6.0
大阪府泉大津市,離職中,4,6.75
大阪府箕面市,在学中,1,4.0
大阪府箕面市,就業中,33,5.242424242424242
大阪府箕面市,離職中,19,6.578947368421052
大阪府羽曳野市,就業中,15,5.666666666666667
大阪府羽曳野市,離職中,9,6.555555555555555
大阪府茨木市,在学中,5,4.6
大阪府茨木市,就業中,82,5.475609756097561
大阪府茨木市,離職中,53,6.226415094339623
大阪府藤井寺市,就業中,11,5.818181818181818
大阪府藤井寺市,離職中,11,6.818181818181818
大阪府豊中市,在学中,5,4.0
大阪府豊中市,就業中,61,5.426229508196721
大阪府豊中市,離職中,39,6.435897435897436
大阪府豊能郡能勢町,就業中,4,4.75
大阪府豊能郡能勢町,離職中,2,6.0
大阪府豊能郡豊能町,就業中,4,4.5
大阪府貝塚市,就業中,5,6.0
大阪府貝塚市,離職中,5,6.4
大阪府門真市,就業中,45,5.355555555555555
大阪府門真市,離職中,21,6.238095238095238
大阪府阪南市,就業中,1,6.0
大阪府高槻市,在学中,7,3.0
大阪府高槻市,就業中,139,5.014388489208633
大阪府高槻市,離職中,91,5.934065934065934
大阪府高石市,就業中,5,6.0
大阪府高石市,離職中,7,6.428571428571429
奈良県,在学中,1,3.0
奈良県,就業中,28,5.0
奈良県,離職中,17,5.705882352941177
奈良県五條市,在学中,1,4.0
奈良県五條市,就業中,3,6.0
奈良県北葛城郡上牧町,就業中,7,6.285714285714286
奈良県北葛城郡上牧町,離職中,1,9.0
奈良県北葛城郡広陵町,就業中,4,5.75
奈良県北葛城郡広陵町,離職中,2,7.5
奈良県北葛城郡河合町,就業中,6,5.5
奈良県北葛城郡河合町,離職中,2,8.0
奈良県北葛城郡王寺町,就業中,16,5.4375
奈良県北葛城郡王寺町,離職中,3,7.333333333333333
奈良県吉野郡下北山村,就業中,2,5.5
奈良県吉野郡下市町,就業中,2,5.5
奈良県吉野郡下市町,離職中,1,6.0
奈良県吉野郡吉野町,就業中,3,6.0
奈良県吉野郡大淀町,就業中,4,6.0
奈良県吉野郡大淀町,離職中,1,6.0
奈良県大和郡山市,在学中,1,3.0
奈良県大和郡山市,就業中,53,5.0
奈良県大和郡山市,離職中,21,6.238095238095238
奈良県大和高田市,就業中,10,5.5
奈良県大和高田市,離職中,5,7.0
奈良県天理市,就業中,26,5.269230769230769
奈良県天理市,離職中,12,6.583333333333333
奈良県奈良市,在学中,4,2.75
奈良県奈良市,就業中,224,4.419642857142857
奈良県奈良市,離職中,99,5.424242424242424
奈良県宇陀市,就業中,1,5.0
奈良県宇陀市,離職中,1,7.0
奈良県宇陀郡御杖村,就業中,1,5.0
奈良県山辺郡山添村,就業中,3,5.333333333333333
奈良県御所市,就業中,6,5.5
奈良県御所市,離職中,5,6.8
奈良県桜井市,就業中,7,5.285714285714286
奈良県桜井市,離職中,4,6.5
奈良県橿原市,就業中,27,5.481481481481482
奈良県橿原市,離職中,11,6.545454545454546
奈良県生駒市,在学中,1,4.0
奈良県生駒市,就業中,59,5.033898305084746
奈良県生駒市,離職中,33,5.787878787878788
奈良県生駒郡三郷町,就業中,13,5.615384615384615
奈良県生駒郡三郷町,離職中,7,6.142857142857143
奈良県生駒郡安堵町,就業中,4,5.75
奈良県生駒郡安堵町,離職中,1,6.0
奈良県生駒郡平群町,就業中,10,5.7
奈良県生駒郡平群町,離職中,7,6.142857142857143
奈良県生駒郡斑鳩町,就業中,12,5.666666666666667
奈良県生駒郡斑鳩町,離職中,5,7.2
奈良県磯城郡三宅町,就業中,3,5.333333333333333
奈良県磯城郡三宅町,離職中,3,7.666666666666667
奈良県磯城郡川西町,就業中,2,5.0
奈良県磯城郡田原本町,就業中,14,5.5
奈良県磯城郡田原本町,離職中,7,6.857142857142857
奈良県葛城市,就業中,6,5.833333333333333
奈良県葛城市,離職中,4,7.0
奈良県香芝市,就業中,12,5.75
奈良県香芝市,離職中,6,7.0
奈良県高市郡明日香村,就業中,1,6.0
奈良県高市郡高取町,就業中,1,6.0
宮城県,就業中,5,5.4
宮城県,離職中,2,7.0
宮城県仙台市太白区,就業中,2,5.5
宮城県仙台市宮城野区,就業中,2,6.5
宮城県仙台市宮城野区,離職中,1,4.0
宮城県仙台市泉区,就業中,2,7.0
宮城県仙台市泉区,離職中,1,6.0
宮城県仙台市若林区,就業中,2,5.5
宮城県仙台市若林区,離職中,1,6.0
宮城県仙台市青葉区,就業中,3,5.666666666666667
宮城県加美郡加美町,離職中,1,5.0
宮城県名取市,就業中,2,5.5
宮城県塩竈市,就業中,1,8.0
宮城県多賀城市,就業中,1,6.0
宮城県宮城郡七ヶ浜町,就業中,1,5.0
宮城県宮城郡利府町,就業中,1,6.0
宮城県石巻市,就業中,1,6.0
宮崎県,就業中,2,5.5
宮崎県児湯郡木城町,離職中,1,7.0
宮崎県北諸県郡三股町,就業中,1,6.0
宮崎県宮崎市,就業中,2,6.5
宮崎県宮崎市,離職中,1,7.0
宮崎県延岡市,就業中,1,6.0
宮崎県日南市,就業中,1,6.0
宮崎県都城市,離職中,1,6.0
富山県,就業中,3,5.666666666666667
富山県,離職中,1,4.0
富山県南砺市,就業中,1,5.0
富山県富山市,就業中,1,6.0
富山県射水市,就業中,1,6.0
富山県砺波市,就業中,1,6.0
富山県高岡市,就業中,1,6.0
富山県黒部市,就業中,1,6.0
山口県,就業中,2,6.0
山口県下松市,就業中,1,6.0
山口県下関市,就業中,2,5.0
山口県光市,就業中,1,6.0
山口県周南市,就業中,1,6.0
山口県大島郡周防大島町,就業中,1,6.0
山口県山口市,就業中,3,5.0
山口県山口市,離職中,1,6.0
山口県山陽小野田市,就業中,2,4.5
山口県岩国市,就業中,1,5.0
山口県岩国市,離職中,1,5.0
山口県熊毛郡平生町,就業中,1,4.0
山口県熊毛郡田布施町,就業中,1,4.0
山口県萩市,就業中,1,6.0
山口県防府市,就業中,1,6.0
山形県,就業中,2,6.0
山形県上山市,就業中,1,5.0
山形県寒河江市,就業中,1,5.0
山形県山形市,就業中,4,5.0
山形県米沢市,就業中,1,5.0
山形県米沢市,離職中,1,6.0
山形県西村山郡大江町,就業中,1,6.0
山形県鶴岡市,離職中,1,6.0
山梨県,就業中,2,6.0
山梨県,離職中,1,7.0
山梨県上野原市,就業中,1,5.0
山梨県中央市,離職中,1,7.0
山梨県北杜市,離職中,1,7.0
山梨県南アルプス市,離職中,1,7.0
山梨県南巨摩郡身延町,就業中,1,6.0
山梨県南都留郡富士河口湖町,就業中,1,8.0
山梨県山梨市,離職中,1,7.0
山梨県甲州市,離職中,1,7.0
山梨県甲府市,就業中,3,5.666666666666667
山梨県甲府市,離職中,1,7.0
山梨県甲斐市,就業中,1,5.0
山梨県甲斐市,離職中,1,7.0
山梨県笛吹市,就業中,1,5.0
山梨県笛吹市,離職中,1,7.0
山梨県都留市,就業中,1,6.0
岐阜県,就業中,6,5.333333333333333
岐阜県下呂市,離職中,1,9.0
岐阜県中津川市,就業中,1,5.0
岐阜県中津川市,離職中,1,8.0
岐阜県加茂郡八百津町,就業中,1,5.0
岐阜県加茂郡八百津町,離職中,1,8.0
岐阜県加茂郡坂祝町,離職中,1,8.0
岐阜県加茂郡白川町,離職中,1,8.0
岐阜県可児市,就業中,2,5.5
岐阜県可児市,離職中,2,8.5
岐阜県可児郡御嵩町,離職中,1,8.0
岐阜県各務原市,就業中,5,5.4
岐阜県各務原市,離職中,4,7.25
岐阜県土岐市,就業中,1,5.0
岐阜県土岐市,離職中,1,8.0
岐阜県多治見市,就業中,3,5.333333333333333
岐阜県多治見市,離職中,2,8.5
岐阜県大垣市,就業中,1,6.0
岐阜県大垣市,離職中,4,7.5
岐阜県安八郡神戸町,就業中,1,5.0
岐阜県安八郡神戸町,離職中,1,8.0
岐阜県岐阜市,在学中,1,4.0
岐阜県岐阜市,就業中,9,5.555555555555555
岐阜県岐阜市,離職中,5,7.0
岐阜県恵那市,離職中,2,8.5
岐阜県揖斐郡池田町,就業中,1,5.0
岐阜県本巣市,離職中,1,8.0
岐阜県海津市,就業中,1,6.0
岐阜県海津市,離職中,1,8.0
岐阜県瑞穂市,就業中,1,6.0
岐阜県瑞穂市,離職中,2,8.5
岐阜県美濃加茂市,就業中,2,5.5
岐阜県美濃加茂市,離職中,1,8.0
岐阜県美濃市,就業中,1,8.0
岐阜県羽島市,就業中,1,6.0
岐阜県羽島市,離職中,1,8.0
岐阜県羽島郡岐南町,就業中,2,6.0
岐阜県羽島郡岐南町,離職中,2,7.0
岐阜県羽島郡笠松町,就業中,1,2.0
岐阜県関市,就業中,2,5.0
岐阜県関市,離職中,1,9.0
岐阜県高山市,就業中,1,6.0
岐阜県高山市,離職中,2,9.0
岡山県,就業中,6,5.5
岡山県井原市,離職中,1,7.0
岡山県倉敷市,就業中,2,5.0
岡山県倉敷市,離職中,2,7.0
岡山県備前市,就業中,1,6.0
岡山県小田郡矢掛町,離職中,1,7.0
岡山県岡山市中区,就業中,1,6.0
岡山県岡山市北区,就業中,3,5.333333333333333
岡山県岡山市北区,離職中,2,7.0
岡山県岡山市南区,就業中,1,6.0
岡山県岡山市南区,離職中,1,7.0
岡山県岡山市東区,就業中,1,6.0
岡山県浅口市,離職中,1,7.0
岡山県浅口郡里庄町,離職中,1,7.0
岡山県瀬戸内市,就業中,2,5.5
岡山県笠岡市,就業中,1,4.0
岡山県総社市,就業中,2,5.0
岡山県総社市,離職中,2,7.0
岡山県高梁市,就業中,1,6.0
岩手県,就業中,3,6.0
岩手県一関市,就業中,1,4.0
岩手県一関市,離職中,1,6.0
岩手県久慈市,就業中,1,6.0
岩手県北上市,就業中,1,5.0
岩手県盛岡市,就業中,1,5.0
岩手県盛岡市,離職中,1,6.0
岩手県花巻市,離職中,1,6.0
島根県,就業中,4,5.75
島根県,離職中,1,6.0
広島県,就業中,6,5.833333333333333
広島県,離職中,1,5.0
広島県三原市,離職中,1,6.0
広島県三次市,離職中,1,5.0
広島県大竹市,就業中,1,5.0
広島県安芸郡坂町,就業中,1,5.0
広島県安芸郡府中町,就業中,1,5.0
広島県安芸郡府中町,離職中,1,5.0
広島県安芸郡海田町,就業中,1,5.0
広島県安芸郡海田町,離職中,2,5.5
広島県安芸高田市,離職中,1,5.0
広島県尾道市,就業中,2,5.0
広島県尾道市,離職中,1,6.0
広島県広島市中区,就業中,4,5.5
広島県広島市中区,離職中,5,5.6
広島県広島市佐伯区,就業中,3,5.666666666666667
広島県広島市佐伯区,離職中,3,5.0
広島県広島市南区,就業中,3,5.333333333333333
広島県広島市南区,離職中,3,5.0
広島県広島市安佐北区,就業中,3,4.666666666666667
広島県広島市安佐北区,離職中,1,5.0
広島県広島市安佐南区,就業中,4,5.25
広島県広島市安佐南区,離職中,2,6.0
広島県広島市安芸区,就業中,1,5.0
広島県広島市安芸区,離職中,1,7.0
広島県広島市東区,就業中,3,6.0
広島県広島市東区,離職中,3,5.333333333333333
広島県広島市西区,就業中,2,5.5
広島県広島市西区,離職中,3,5.0
広島県廿日市市,就業中,3,5.333333333333333
広島県廿日市市,離職中,2,5.0
広島県東広島市,離職中,1,5.0
広島県福山市,就業中,4,5.5
広島県福山市,離職中,4,7.25
広島県竹原市,離職中,1,5.0
徳島県,就業中,1,6.0
徳島県吉野川市,就業中,3,4.333333333333333
徳島県徳島市,就業中,2,5.0
徳島県板野郡藍住町,就業中,2,5.0
徳島県阿南市,就業中,1,6.0
徳島県鳴門市,就業中,3,5.333333333333333
愛媛県,就業中,4,5.75
愛媛県伊予市,在学中,1,4.0
愛媛県伊予市,離職中,1,6.0
愛媛県四国中央市,離職中,1,8.0
愛媛県新居浜市,就業中,1,6.0
愛媛県松山市,在学中,1,4.0
愛媛県松山市,就業中,4,5.75
愛媛県松山市,離職中,3,5.666666666666667
愛媛県西条市,就業中,1,4.0
愛知県,就業中,16,5.0625
愛知県,離職中,3,6.333333333333333
愛知県あま市,就業中,4,5.5
愛知県あま市,離職中,2,7.5
愛知県みよし市,就業中,1,5.0
愛知県みよし市,離職中,1,8.0
愛知県一宮市,在学中,1,2.0
愛知県一宮市,就業中,4,6.25
愛知県一宮市,離職中,4,7.0
愛知県丹羽郡大口町,離職中,1,6.0
愛知県丹羽郡扶桑町,離職中,2,7.0
愛知県刈谷市,就業中,3,5.333333333333333
愛知県刈谷市,離職中,2,8.5
愛知県北名古屋市,就業中,1,6.0
愛知県北名古屋市,離職中,2,7.0
愛知県半田市,就業中,4,5.25
愛知県半田市,離職中,2,7.0
愛知県名古屋市中区,就業中,11,5.7272727272727275
愛知県名古屋市中区,離職中,2,7.0
愛知県名古屋市中川区,就業中,5,5.4
愛知県名古屋市中川区,離職中,4,5.75
愛知県名古屋市中村区,在学中,1,3.0
愛知県名古屋市中村区,就業中,9,5.555555555555555
愛知県名古屋市中村区,離職中,6,6.5
愛知県名古屋市北区,就業中,4,6.0
愛知県名古屋市北区,離職中,3,7.666666666666667
愛知県名古屋市千種区,就業中,12,5.583333333333333
愛知県名古屋市千種区,離職中,3,6.666666666666667
愛知県名古屋市南区,就業中,7,5.571428571428571
愛知県名古屋市南区,離職中,2,6.0
愛知県名古屋市名東区,就業中,6,6.0
愛知県名古屋市名東区,離職中,4,6.75
愛知県名古屋市天白区,就業中,9,5.666666666666667
愛知県名古屋市天白区,離職中,5,6.6
愛知県名古屋市守山区,就業中,8,5.625
愛知県名古屋市守山区,離職中,4,7.5
愛知県名古屋市昭和区,就業中,4,5.25
愛知県名古屋市昭和区,離職中,3,7.666666666666667
愛知県名古屋市東区,就業中,5,5.6
愛知県名古屋市東区,離職中,3,7.0
愛知県名古屋市港区,就業中,6,5.333333333333333
愛知県名古屋市港区,離職中,4,6.75
愛知県名古屋市熱田区,就業中,4,6.0
愛知県名古屋市熱田区,離職中,3,7.333333333333333
愛知県名古屋市瑞穂区,就業中,6,5.5
愛知県名古屋市瑞穂区,離職中,4,6.0
愛知県名古屋市緑区,就業中,10,5.3
愛知県名古屋市緑区,離職中,5,7.2
愛知県名古屋市西区,就業中,6,5.5
愛知県名古屋市西区,離職中,3,6.666666666666667
愛知県大府市,就業中,2,5.5
愛知県大府市,離職中,2,7.0
愛知県安城市,就業中,3,5.333333333333333
愛知県安城市,離職中,1,8.0
愛知県小牧市,就業中,4,5.0
愛知県小牧市,離職中,2,7.0
愛知県尾張旭市,在学中,1,3.0
愛知県尾張旭市,就業中,2,5.5
愛知県尾張旭市,離職中,1,8.0
愛知県岡崎市,就業中,2,5.5
愛知県岡崎市,離職中,1,8.0
愛知県岩倉市,就業中,1,6.0
愛知県岩倉市,離職中,2,7.5
愛知県常滑市,就業中,2,4.0
愛知県常滑市,離職中,1,8.0
愛知県弥富市,離職中,1,8.0
愛知県愛知郡東郷町,就業中,3,6.333333333333333
愛知県愛西市,就業中,1,6.0
愛知県愛西市,離職中,2,7.0
愛知県新城市,就業中,1,8.0
愛知県日進市,就業中,2,5.5
愛知県日進市,離職中,1,8.0
愛知県春日井市,在学中,1,2.0
愛知県春日井市,就業中,3,5.333333333333333
愛知県春日井市,離職中,3,6.333333333333333
愛知県東海市,就業中,2,5.5
愛知県東海市,離職中,1,8.0
愛知県江南市,就業中,2,5.5
愛知県江南市,離職中,3,7.666666666666667
愛知県津島市,就業中,2,5.5
愛知県津島市,離職中,1,6.0
愛知県海部郡大治町,就業中,1,6.0
愛知県海部郡大治町,離職中,2,7.0
愛知県海部郡蟹江町,就業中,1,5.0
愛知県海部郡蟹江町,離職中,1,8.0
愛知県清須市,就業中,2,5.5
愛知県清須市,離職中,1,8.0
愛知県瀬戸市,在学中,1,3.0
愛知県瀬戸市,就業中,5,6.0
愛知県瀬戸市,離職中,1,8.0
愛知県犬山市,就業中,3,5.0
愛知県犬山市,離職中,2,7.0
愛知県知多市,就業中,2,5.5
愛知県知多市,離職中,1,8.0
愛知県知多郡東浦町,離職中,2,7.0
愛知県知多郡武豊町,就業中,1,6.0
愛知県知多郡阿久比町,就業中,1,5.0
愛知県知多郡阿久比町,離職中,1,8.0
愛知県知立市,就業中,2,6.5
愛知県知立市,離職中,1,6.0
愛知県碧南市,就業中,1,5.0
愛知県稲沢市,就業中,3,5.333333333333333
愛知県稲沢市,離職中,1,8.0
愛知県蒲郡市,就業中,1,6.0
愛知県西尾市,就業中,2,5.5
愛知県西尾市,離職中,1,8.0
愛知県西春日井郡豊山町,就業中,2,6.0
愛知県西春日井郡豊山町,離職中,1,8.0
愛知県豊川市,就業中,2,5.5
愛知県豊川市,離職中,1,8.0
愛知県豊明市,就業中,3,5.666666666666667
愛知県豊明市,離職中,2,7.0
愛知県豊橋市,就業中,4,4.75
愛知県豊橋市,離職中,2,5.5
愛知県豊田市,就業中,3,6.333333333333333
愛知県豊田市,離職中,3,5.666666666666667
愛知県長久手市,就業中,1,6.0
愛知県長久手市,離職中,1,8.0
愛知県額田郡幸田町,就業中,1,6.0
愛知県額田郡幸田町,離職中,1,8.0
愛知県高浜市,就業中,1,4.0
愛知県高浜市,離職中,1,8.0
新潟県,就業中,2,6.0
新潟県三条市,就業中,1,6.0
新潟県上越市,就業中,1,4.0
新潟県五泉市,就業中,1,6.0
新潟県佐渡市,就業中,1,6.0
新潟県南魚沼市,就業中,1,6.0
新潟県妙高市,就業中,1,6.0
新潟県新潟市中央区,就業中,2,6.0
新潟県新潟市北区,就業中,1,6.0
新潟県新潟市江南区,就業中,2,6.0
新潟県新潟市江南区,離職中,1,6.0
新潟県新潟市秋葉区,就業中,1,6.0
新潟県新発田市,就業中,1,5.0
新潟県村上市,就業中,1,6.0
新潟県長岡市,離職中,1,6.0
東京都,在学中,1,2.0
東京都,就業中,16,5.0
東京都,離職中,9,5.444444444444445
東京都あきる野市,就業中,4,5.75
東京都あきる野市,離職中,2,6.0
東京都三鷹市,就業中,11,5.454545454545454
東京都三鷹市,離職中,1,6.0
東京都世田谷区,在学中,2,4.0
東京都世田谷区,就業中,17,5.588235294117647
東京都世田谷区,離職中,7,6.571428571428571
東京都中央区,在学中,1,4.0
東京都中央区,就業中,10,5.6
東京都中央区,離職中,3,6.0
東京都中野区,在学中,2,3.5
東京都中野区,就業中,9,5.666666666666667
東京都中野区,離職中,2,6.0
東京都八王子市,就業中,9,5.555555555555555
東京都八王子市,離職中,5,5.2
東京都北区,就業中,12,5.333333333333333
東京都北区,離職中,3,6.0
東京都千代田区,在学中,1,4.0
東京都千代田区,就業中,13,5.769230769230769
東京都千代田区,離職中,3,5.666666666666667
東京都台東区,就業中,10,5.8
東京都台東区,離職中,4,6.25
東京都品川区,在学中,2,4.0
東京都品川区,就業中,11,5.636363636363637
東京都品川区,離職中,8,6.5
東京都国分寺市,就業中,5,5.4
東京都国分寺市,離職中,2,6.0
東京都国立市,在学中,1,2.0
東京都国立市,就業中,5,5.4
東京都墨田区,就業中,9,6.111111111111111
東京都墨田区,離職中,2,6.0
東京都多摩市,就業中,8,5.375
東京都多摩市,離職中,3,6.333333333333333
東京都大田区,在学中,1,4.0
東京都大田区,就業中,17,5.588235294117647
東京都大田区,離職中,8,6.375
東京都小平市,就業中,5,5.4
東京都小平市,離職中,3,5.666666666666667
東京都小金井市,就業中,3,5.333333333333333
東京都小金井市,離職中,2,6.0
東京都府中市,就業中,5,5.2
東京都府中市,離職中,5,6.2
東京都文京区,在学中,1,4.0
東京都文京区,就業中,15,5.666666666666667
東京都文京区,離職中,7,6.285714285714286
東京都新宿区,在学中,1,4.0
東京都新宿区,就業中,13,5.769230769230769
東京都新宿区,離職中,8,6.375
東京都日野市,在学中,1,7.0
東京都日野市,就業中,5,5.4
東京都日野市,離職中,1,6.0
東京都昭島市,就業中,3,5.666666666666667
東京都昭島市,離職中,2,6.0
東京都杉並区,在学中,1,4.0
東京都杉並区,就業中,15,5.666666666666667
東京都杉並区,離職中,8,6.75
東京都東久留米市,就業中,6,5.666666666666667
東京都東久留米市,離職中,1,7.0
東京都東大和市,就業中,2,7.0
東京都東大和市,離職中,2,5.5
東京都東村山市,就業中,4,5.5
東京都東村山市,離職中,2,5.5
東京都板橋区,在学中,2,3.5
東京都板橋区,就業中,15,5.666666666666667
東京都板橋区,離職中,5,6.2
東京都武蔵村山市,離職中,1,6.0
東京都武蔵野市,就業中,6,5.5
東京都武蔵野市,離職中,1,9.0
東京都江戸川区,在学中,1,4.0
東京都江戸川区,就業中,11,5.636363636363637
東京都江戸川区,離職中,5,6.6
東京都江東区,在学中,1,4.0
東京都江東区,就業中,10,5.6
東京都江東区,離職中,6,6.833333333333333
東京都清瀬市,就業中,2,5.5
東京都渋谷区,在学中,1,4.0
東京都渋谷区,就業中,18,5.555555555555555
東京都渋谷区,離職中,11,6.636363636363637
東京都港区,在学中,3,5.0
東京都港区,就業中,15,5.666666666666667
東京都港区,離職中,6,7.166666666666667
東京都狛江市,就業中,4,5.5
東京都町田市,在学中,2,5.0
東京都町田市,就業中,11,5.545454545454546
東京都町田市,離職中,5,6.6
東京都目黒区,就業中,12,5.583333333333333
東京都目黒区,離職中,6,6.5
東京都神津島村,就業中,1,5.0
東京都福生市,就業中,2,5.0
東京都福生市,離職中,1,6.0
東京都稲城市,就業中,1,6.0
東京都立川市,就業中,7,5.142857142857143
東京都立川市,離職中,2,5.5
東京都練馬区,在学中,1,4.0
東京都練馬区,就業中,16,5.4375
東京都練馬区,離職中,7,5.428571428571429
東京都羽村市,就業中,2,6.0
東京都荒川区,在学中,1,4.0
東京都荒川区,就業中,8,5.625
東京都荒川区,離職中,3,6.333333333333333
東京都葛飾区,就業中,12,5.583333333333333
東京都葛飾区,離職中,2,6.0
東京都西多摩郡日の出町,就業中,1,5.0
東京都西多摩郡日の出町,離職中,1,6.0
東京都西多摩郡檜原村,離職中,2,5.5
東京都西多摩郡瑞穂町,就業中,3,5.333333333333333
東京都西多摩郡瑞穂町,離職中,3,6.0
東京都西東京市,在学中,1,2.0
東京都西東京市,就業中,8,5.625
東京都西東京市,離職中,1,9.0
東京都調布市,在学中,1,7.0
東京都調布市,就業中,7,5.571428571428571
東京都調布市,離職中,3,6.666666666666667
東京都豊島区,在学中,1,4.0
東京都豊島区,就業中,11,5.7272727272727275
東京都豊島区,離職中,2,7.0
東京都足立区,在学中,1,4.0
東京都足立区,就業中,11,5.818181818181818
東京都足立区,離職中,6,7.0
東京都青梅市,就業中,4,5.25
東京都青梅市,離職中,2,6.0
栃木県,就業中,4,6.25
栃木県,離職中,1,6.0
栃木県佐野市,就業中,2,6.0
栃木県大田原市,就業中,2,5.5
栃木県宇都宮市,就業中,5,5.6
栃木県宇都宮市,離職中,1,6.0
栃木県小山市,在学中,1,4.0
栃木県小山市,就業中,4,4.75
栃木県小山市,離職中,1,6.0
栃木県日光市,就業中,1,6.0
栃木県日光市,離職中,1,6.0
栃木県栃木市,就業中,3,5.333333333333333
栃木県真岡市,就業中,2,6.0
栃木県矢板市,就業中,1,6.0
栃木県足利市,就業中,5,5.2
栃木県那須塩原市,就業中,1,5.0
栃木県那須塩原市,離職中,1,8.0
栃木県那須烏山市,就業中,1,6.0
栃木県鹿沼市,就業中,2,6.0
沖縄県,就業中,5,5.2
沖縄県,離職中,1,7.0
沖縄県うるま市,就業中,2,5.5
沖縄県うるま市,離職中,1,6.0
沖縄県中頭郡北谷町,就業中,1,5.0
沖縄県南城市,就業中,2,4.0
沖縄県南城市,離職中,1,7.0
沖縄県名護市,就業中,2,6.0
沖縄県国頭郡宜野座村,就業中,1,5.0
沖縄県国頭郡本部町,就業中,1,6.0
沖縄県宜野湾市,就業中,3,6.333333333333333
沖縄県宮古島市,就業中,1,6.0
沖縄県島尻郡伊是名村,就業中,1,5.0
沖縄県沖縄市,就業中,4,5.5
沖縄県沖縄市,離職中,1,5.0
沖縄県浦添市,就業中,1,6.0
沖縄県石垣市,就業中,1,6.0
沖縄県石垣市,離職中,1,6.0
沖縄県那覇市,就業中,5,5.8
沖縄県那覇市,離職中,1,7.0
滋賀県,在学中,1,2.0
滋賀県,就業中,40,4.95
滋賀県,離職中,15,5.8
滋賀県大津市,在学中,10,3.4
滋賀県大津市,就業中,230,4.573913043478261
滋賀県大津市,離職中,103,5.728155339805825
滋賀県守山市,就業中,50,5.28
滋賀県守山市,離職中,27,6.444444444444445
滋賀県彦根市,在学中,2,4.0
滋賀県彦根市,就業中,21,4.476190476190476
滋賀県彦根市,離職中,10,6.3
滋賀県愛知郡愛荘町,就業中,2,4.5
滋賀県東近江市,在学中,1,3.0
滋賀県東近江市,就業中,10,5.3
滋賀県東近江市,離職中,5,6.0
滋賀県栗東市,就業中,53,5.283018867924528
滋賀県栗東市,離職中,22,6.363636363636363
滋賀県湖南市,就業中,15,5.333333333333333
滋賀県湖南市,離職中,7,6.285714285714286
滋賀県甲賀市,就業中,10,5.1
滋賀県甲賀市,離職中,10,6.4
滋賀県米原市,就業中,2,5.0
滋賀県米原市,離職中,2,5.5
滋賀県草津市,在学中,1,5.0
滋賀県草津市,就業中,110,5.027272727272727
滋賀県草津市,離職中,50,5.98
滋賀県蒲生郡日野町,就業中,4,5.25
滋賀県蒲生郡日野町,離職中,4,6.5
滋賀県蒲生郡竜王町,就業中,4,4.75
滋賀県蒲生郡竜王町,離職中,1,6.0
滋賀県近江八幡市,就業中,14,5.357142857142857
滋賀県近江八幡市,離職中,5,6.4
滋賀県野洲市,就業中,28,5.464285714285714
滋賀県野洲市,離職中,13,6.0
滋賀県長浜市,就業中,11,4.7272727272727275
滋賀県長浜市,離職中,6,5.5
滋賀県高島市,就業中,7,4.857142857142857
滋賀県高島市,離職中,2,8.5
熊本県,就業中,2,5.5
熊本県,離職中,1,6.0
熊本県合志市,就業中,1,6.0
熊本県合志市,離職中,1,5.0
熊本県天草市,離職中,2,5.5
熊本県水俣市,就業中,2,5.0
熊本県熊本市中央区,就業中,2,6.5
熊本県熊本市中央区,離職中,2,5.5
熊本県熊本市北区,就業中,1,6.0
熊本県熊本市北区,離職中,2,5.5
熊本県熊本市南区,就業中,2,5.5
熊本県熊本市南区,離職中,2,5.5
熊本県熊本市東区,就業中,2,5.5
熊本県熊本市東区,離職中,1,5.0
熊本県熊本市西区,就業中,1,6.0
熊本県熊本市西区,離職中,2,5.5
熊本県菊池市,離職中,1,5.0
熊本県菊池郡菊陽町,就業中,1,6.0
熊本県葦北郡津奈木町,就業中,1,4.0
石川県,就業中,2,5.0
石川県,離職中,2,4.5
石川県かほく市,就業中,2,5.5
石川県七尾市,就業中,2,4.0
石川県加賀市,就業中,2,5.0
石川県加賀市,離職中,1,6.0
石川県小松市,就業中,2,5.0
石川県河北郡内灘町,就業中,2,5.5
石川県河北郡津幡町,就業中,2,5.5
石川県白山市,就業中,2,5.5
石川県白山市,離職中,1,7.0
石川県能美市,就業中,2,5.0
石川県野々市市,就業中,2,5.5
石川県野々市市,離職中,1,9.0
石川県金沢市,就業中,6,5.833333333333333
石川県金沢市,離職中,1,7.0
神奈川県,就業中,13,4.923076923076923
神奈川県,離職中,7,5.142857142857143
神奈川県三浦市,就業中,1,6.0
神奈川県三浦郡葉山町,就業中,1,6.0
神奈川県三浦郡葉山町,離職中,1,6.0
神奈川県中郡二宮町,就業中,2,6.0
神奈川県中郡二宮町,離職中,1,6.0
神奈川県中郡大磯町,就業中,1,6.0
神奈川県伊勢原市,就業中,4,5.75
神奈川県伊勢原市,離職中,1,8.0
神奈川県南足柄市,就業中,1,6.0
神奈川県南足柄市,離職中,2,6.5
神奈川県厚木市,在学中,2,3.5
神奈川県厚木市,就業中,5,5.6
神奈川県厚木市,離職中,2,7.0
神奈川県大和市,在学中,1,4.0
神奈川県大和市,就業中,6,5.5
神奈川県大和市,離職中,7,6.857142857142857
神奈川県小田原市,就業中,3,5.666666666666667
神奈川県小田原市,離職中,4,6.25
神奈川県川崎市中原区,在学中,1,4.0
神奈川県川崎市中原区,就業中,9,6.0
神奈川県川崎市中原区,離職中,2,7.0
神奈川県川崎市多摩区,就業中,9,5.888888888888889
神奈川県川崎市多摩区,離職中,3,6.666666666666667
神奈川県川崎市宮前区,就業中,11,5.7272727272727275
神奈川県川崎市宮前区,離職中,5,6.6
神奈川県川崎市川崎区,就業中,13,5.6923076923076925
神奈川県川崎市川崎区,離職中,5,6.4
神奈川県川崎市幸区,就業中,8,5.875
神奈川県川崎市幸区,離職中,3,6.0
神奈川県川崎市高津区,就業中,4,5.75
神奈川県川崎市高津区,離職中,4,6.5
神奈川県川崎市麻生区,就業中,6,6.0
神奈川県川崎市麻生区,離職中,2,7.0
神奈川県平塚市,就業中,7,5.857142857142857
神奈川県平塚市,離職中,3,7.0
神奈川県座間市,在学中,1,4.0
神奈川県座間市,就業中,3,5.333333333333333
神奈川県座間市,離職中,2,7.0
神奈川県愛甲郡愛川町,就業中,1,6.0
神奈川県愛甲郡愛川町,離職中,1,8.0
神奈川県横浜市中区,在学中,1,4.0
神奈川県横浜市中区,就業中,11,5.454545454545454
神奈川県横浜市中区,離職中,5,6.2
神奈川県横浜市保土ケ谷区,就業中,8,5.875
神奈川県横浜市保土ケ谷区,離職中,3,7.0
神奈川県横浜市南区,就業中,14,5.642857142857143
神奈川県横浜市南区,離職中,6,6.833333333333333
神奈川県横浜市戸塚区,就業中,10,5.2
神奈川県横浜市戸塚区,離職中,5,6.8
神奈川県横浜市旭区,在学中,1,3.0
神奈川県横浜市旭区,就業中,5,5.0
神奈川県横浜市旭区,離職中,4,6.75
神奈川県横浜市栄区,就業中,3,5.333333333333333
神奈川県横浜市栄区,離職中,6,7.0
神奈川県横浜市泉区,就業中,5,5.6
神奈川県横浜市泉区,離職中,3,6.666666666666667
神奈川県横浜市港北区,就業中,13,5.769230769230769
神奈川県横浜市港北区,離職中,9,6.444444444444445
神奈川県横浜市港南区,就業中,5,5.2
神奈川県横浜市港南区,離職中,3,6.333333333333333
神奈川県横浜市瀬谷区,就業中,4,5.5
神奈川県横浜市瀬谷区,離職中,3,6.333333333333333
神奈川県横浜市磯子区,就業中,5,5.4
神奈川県横浜市磯子区,離職中,2,7.0
神奈川県横浜市神奈川区,就業中,9,6.0
神奈川県横浜市神奈川区,離職中,3,7.0
神奈川県横浜市緑区,在学中,2,3.5
神奈川県横浜市緑区,就業中,9,5.555555555555555
神奈川県横浜市緑区,離職中,8,6.375
神奈川県横浜市西区,就業中,9,5.444444444444445
神奈川県横浜市西区,離職中,3,6.666666666666667
神奈川県横浜市都筑区,在学中,1,4.0
神奈川県横浜市都筑区,就業中,10,5.7
神奈川県横浜市都筑区,離職中,4,6.75
神奈川県横浜市金沢区,就業中,6,5.5
神奈川県横浜市金沢区,離職中,2,7.0
神奈川県横浜市青葉区,在学中,1,4.0
神奈川県横浜市青葉区,就業中,15,5.466666666666667
神奈川県横浜市青葉区,離職中,6,5.833333333333333
神奈川県横浜市鶴見区,在学中,1,4.0
神奈川県横浜市鶴見区,就業中,9,5.777777777777778
神奈川県横浜市鶴見区,離職中,4,6.5
神奈川県横須賀市,就業中,7,5.285714285714286
神奈川県横須賀市,離職中,6,6.333333333333333
神奈川県海老名市,在学中,1,3.0
神奈川県海老名市,就業中,3,5.333333333333333
神奈川県海老名市,離職中,4,6.75
神奈川県相模原市中央区,就業中,7,5.714285714285714
神奈川県相模原市中央区,離職中,4,6.25
神奈川県相模原市南区,在学中,2,3.5
神奈川県相模原市南区,就業中,7,5.571428571428571
神奈川県相模原市南区,離職中,4,6.75
神奈川県相模原市緑区,在学中,1,7.0
神奈川県相模原市緑区,就業中,6,5.5
神奈川県相模原市緑区,離職中,1,5.0
神奈川県秦野市,就業中,7,5.571428571428571
神奈川県秦野市,離職中,1,7.0
神奈川県綾瀬市,就業中,4,6.0
神奈川県茅ヶ崎市,就業中,9,5.666666666666667
神奈川県茅ヶ崎市,離職中,5,6.6
神奈川県藤沢市,在学中,2,3.5
神奈川県藤沢市,就業中,10,5.8
神奈川県藤沢市,離職中,6,6.833333333333333
神奈川県足柄上郡開成町,就業中,3,5.333333333333333
神奈川県足柄上郡開成町,離職中,1,5.0
神奈川県足柄下郡湯河原町,離職中,1,7.0
神奈川県足柄下郡箱根町,就業中,2,5.5
神奈川県逗子市,就業中,1,5.0
神奈川県逗子市,離職中,2,7.0
神奈川県鎌倉市,在学中,1,4.0
神奈川県鎌倉市,就業中,8,5.625
神奈川県鎌倉市,離職中,8,6.75
神奈川県高座郡寒川町,離職中,1,8.0
福井県,就業中,3,5.333333333333333
福井県,離職中,1,4.0
福井県三方上中郡若狭町,就業中,2,5.0
福井県三方上中郡若狭町,離職中,1,6.0
福井県三方郡美浜町,離職中,1,6.0
福井県勝山市,就業中,1,6.0
福井県大野市,就業中,1,6.0
福井県大飯郡おおい町,就業中,3,5.666666666666667
福井県大飯郡おおい町,離職中,3,5.666666666666667
福井県大飯郡高浜町,就業中,13,4.0
福井県大飯郡高浜町,離職中,9,5.111111111111111
福井県小浜市,在学中,1,1.0
福井県小浜市,就業中,3,4.666666666666667
福井県小浜市,離職中,3,5.0
福井県敦賀市,在学中,1,2.0
福井県敦賀市,就業中,1,4.0
福井県福井市,就業中,1,6.0
福井県福井市,離職中,1,9.0
福井県越前市,就業中,2,5.5
福井県越前市,離職中,2,4.5
福井県鯖江市,就業中,1,6.0
福岡県,就業中,7,5.285714285714286
福岡県,離職中,3,6.333333333333333
福岡県うきは市,離職中,1,6.0
福岡県中間市,離職中,2,8.0
福岡県久留米市,就業中,2,7.0
福岡県久留米市,離職中,2,6.0
福岡県北九州市八幡東区,就業中,2,5.5
福岡県北九州市八幡西区,就業中,1,6.0
福岡県北九州市八幡西区,離職中,2,6.0
福岡県北九州市小倉北区,就業中,2,6.5
福岡県北九州市小倉南区,就業中,1,6.0
福岡県北九州市若松区,就業中,1,6.0
福岡県古賀市,就業中,2,7.0
福岡県古賀市,離職中,2,6.5
福岡県大牟田市,離職中,1,5.0
福岡県大野城市,就業中,2,7.0
福岡県大野城市,離職中,2,6.5
福岡県太宰府市,就業中,1,6.0
福岡県太宰府市,離職中,1,6.0
福岡県小郡市,離職中,2,6.0
福岡県春日市,就業中,4,6.5
福岡県春日市,離職中,2,6.0
福岡県朝倉市,就業中,2,7.0
福岡県朝倉市,離職中,3,6.333333333333333
福岡県朝倉郡筑前町,就業中,1,6.0
福岡県柳川市,就業中,1,8.0
福岡県柳川市,離職中,1,7.0
福岡県直方市,就業中,1,6.0
福岡県直方市,離職中,1,7.0
福岡県福岡市中央区,就業中,6,6.0
福岡県福岡市中央区,離職中,4,6.0
福岡県福岡市南区,就業中,6,6.166666666666667
福岡県福岡市南区,離職中,5,6.4
福岡県福岡市博多区,就業中,6,6.166666666666667
福岡県福岡市博多区,離職中,4,6.0
福岡県福岡市城南区,就業中,4,6.0
福岡県福岡市城南区,離職中,1,5.0
福岡県福岡市早良区,在学中,1,4.0
福岡県福岡市早良区,就業中,5,6.0
福岡県福岡市早良区,離職中,6,6.0
福岡県福岡市東区,就業中,6,5.833333333333333
福岡県福岡市東区,離職中,5,6.2
福岡県福岡市西区,就業中,6,6.0
福岡県福岡市西区,離職中,1,7.0
福岡県福津市,就業中,2,7.0
福岡県福津市,離職中,1,9.0
福岡県筑後市,離職中,1,5.0
福岡県筑紫郡那珂川町,就業中,1,6.0
福岡県筑紫野市,就業中,1,8.0
福岡県筑紫野市,離職中,2,6.5
福岡県築上郡築上町,就業中,1,5.0
福岡県糟屋郡宇美町,就業中,2,6.0
福岡県糟屋郡志免町,就業中,1,5.0
福岡県糟屋郡志免町,離職中,1,6.0
福岡県糟屋郡新宮町,就業中,1,6.0
福岡県糟屋郡粕屋町,就業中,3,6.333333333333333
福岡県糟屋郡須惠町,就業中,2,6.5
福岡県糸島市,就業中,2,5.5
福岡県糸島市,離職中,1,7.0
福岡県豊前市,離職中,1,6.0
福岡県遠賀郡岡垣町,就業中,1,6.0
福岡県遠賀郡遠賀町,就業中,1,6.0
福岡県那珂川市,就業中,3,5.333333333333333
福岡県那珂川市,離職中,2,6.5
福岡県鞍手郡鞍手町,離職中,2,7.5
福岡県飯塚市,離職中,1,7.0
福島県,就業中,3,6.0
福島県いわき市,就業中,1,6.0
福島県伊達市,離職中,1,6.0
福島県会津若松市,離職中,1,6.0
福島県福島市,就業中,1,5.0
福島県福島市,離職中,2,6.0
福島県西白河郡矢吹町,離職中,1,6.0
福島県郡山市,就業中,2,5.5
福島県郡山市,離職中,2,6.0
福島県須賀川市,就業中,1,8.0
福島県須賀川市,離職中,1,6.0
秋田県,就業中,4,5.75
秋田県仙北郡美郷町,離職中,1,4.0
秋田県大仙市,就業中,1,6.0
秋田県大館市,就業中,1,6.0
秋田県秋田市,就業中,1,5.0
秋田県能代市,就業中,1,6.0
秋田県雄勝郡羽後町,就業中,1,6.0
群馬県,就業中,3,5.666666666666667
群馬県みどり市,離職中,1,5.0
群馬県伊勢崎市,就業中,5,5.4
群馬県佐波郡玉村町,就業中,3,5.666666666666667
群馬県前橋市,就業中,7,5.428571428571429
群馬県北群馬郡吉岡町,就業中,1,6.0
群馬県北群馬郡榛東村,就業中,1,6.0
群馬県太田市,就業中,6,5.833333333333333
群馬県太田市,離職中,1,5.0
群馬県安中市,就業中,2,5.5
群馬県安中市,離職中,1,9.0
群馬県富岡市,就業中,1,6.0
群馬県桐生市,就業中,2,5.5
群馬県桐生市,離職中,1,5.0
群馬県沼田市,就業中,1,6.0
群馬県渋川市,就業中,2,5.5
群馬県藤岡市,就業中,2,6.0
群馬県邑楽郡大泉町,就業中,3,5.666666666666667
群馬県邑楽郡邑楽町,就業中,1,6.0
群馬県高崎市,就業中,5,5.8
群馬県高崎市,離職中,1,6.0
茨城県,就業中,6,6.0
茨城県つくばみらい市,離職中,1,6.0
茨城県つくば市,就業中,6,5.833333333333333
茨城県つくば市,離職中,2,6.5
茨城県ひたちなか市,就業中,4,5.75
茨城県ひたちなか市,離職中,1,6.0
茨城県北相馬郡利根町,就業中,2,5.5
茨城県取手市,就業中,4,6.0
茨城県取手市,離職中,1,6.0
茨城県古河市,就業中,2,6.0
茨城県土浦市,就業中,7,5.571428571428571
茨城県土浦市,離職中,1,6.0
茨城県坂東市,就業中,1,5.0
茨城県守谷市,就業中,2,5.5
茨城県守谷市,離職中,3,6.333333333333333
茨城県小美玉市,就業中,3,5.333333333333333
茨城県常総市,就業中,2,6.0
茨城県常陸大宮市,就業中,1,6.0
茨城県常陸太田市,就業中,1,6.0
茨城県日立市,就業中,3,5.666666666666667
茨城県日立市,離職中,1,6.0
茨城県桜川市,就業中,2,6.0
茨城県水戸市,就業中,5,5.6
茨城県潮来市,就業中,1,6.0
茨城県牛久市,就業中,3,6.0
茨城県牛久市,離職中,1,6.0
茨城県石岡市,就業中,1,6.0
茨城県神栖市,就業中,3,5.666666666666667
茨城県稲敷市,就業中,1,3.0
茨城県稲敷市,離職中,1,7.0
茨城県稲敷郡美浦村,就業中,2,6.0
茨城県稲敷郡阿見町,就業中,2,5.5
茨城県稲敷郡阿見町,離職中,1,6.0
茨城県笠間市,就業中,1,6.0
茨城県筑西市,就業中,1,6.0
茨城県筑西市,離職中,1,7.0
茨城県結城市,就業中,5,5.8
茨城県結城郡八千代町,就業中,2,5.0
茨城県行方市,就業中,1,6.0
茨城県那珂市,就業中,2,6.0
茨城県那珂郡東海村,就業中,1,6.0
茨城県高萩市,就業中,1,5.0
茨城県鹿嶋市,就業中,2,6.0
茨城県龍ケ崎市,就業中,1,6.0
長崎県,就業中,2,5.5
長崎県佐世保市,就業中,2,6.5
長崎県南島原市,就業中,1,4.0
長崎県大村市,就業中,1,7.0
長崎県対馬市,就業中,1,7.0
長崎県対馬市,離職中,1,7.0
長崎県島原市,就業中,1,4.0
長崎県松浦市,就業中,1,7.0
長崎県長崎市,就業中,4,6.0
長野県,就業中,3,5.666666666666667
長野県佐久市,就業中,1,6.0
長野県佐久市,離職中,1,8.0
長野県北佐久郡軽井沢町,就業中,1,6.0
長野県千曲市,就業中,1,6.0
長野県塩尻市,離職中,1,6.0
長野県大町市,就業中,1,6.0
長野県小諸市,就業中,1,6.0
長野県小諸市,離職中,1,8.0
長野県松本市,就業中,2,5.5
長野県松本市,離職中,2,7.0
長野県諏訪市,就業中,1,6.0
長野県長野市,就業中,6,5.5
長野県長野市,離職中,1,8.0
長野県飯田市,就業中,1,6.0
青森県,就業中,3,6.0
青森県三沢市,就業中,1,3.0
青森県上北郡東北町,就業中,1,5.0
青森県八戸市,就業中,1,6.0
青森県八戸市,離職中,1,7.0
青森県青森市,就業中,1,6.0
青森県黒石市,就業中,1,6.0
静岡県,就業中,6,5.0
静岡県,離職中,1,6.0
静岡県三島市,就業中,1,6.0
静岡県伊東市,就業中,2,4.5
静岡県伊豆の国市,就業中,1,6.0
静岡県富士宮市,就業中,3,6.0
静岡県富士宮市,離職中,2,6.0
静岡県富士市,就業中,5,5.2
静岡県富士市,離職中,1,8.0
静岡県島田市,就業中,1,6.0
静岡県御前崎市,就業中,1,5.0
静岡県御殿場市,離職中,1,6.0
静岡県掛川市,就業中,2,6.5
静岡県沼津市,就業中,2,5.5
静岡県浜松市中区,在学中,1,3.0
静岡県浜松市中区,就業中,2,6.0
静岡県浜松市中区,離職中,1,8.0
静岡県浜松市中央区,在学中,1,3.0
静岡県浜松市中央区,離職中,1,8.0
静岡県浜松市北区,離職中,1,8.0
静岡県浜松市東区,就業中,1,6.0
静岡県浜松市東区,離職中,1,8.0
静岡県浜松市浜北区,離職中,1,4.0
静岡県浜松市浜名区,就業中,1,6.0
静岡県浜松市浜名区,離職中,1,8.0
静岡県浜松市西区,就業中,1,6.0
静岡県浜松市西区,離職中,1,8.0
静岡県湖西市,離職中,1,8.0
静岡県焼津市,就業中,1,6.0
静岡県熱海市,離職中,1,7.0
静岡県田方郡函南町,就業中,1,6.0
静岡県磐田市,就業中,2,6.0
静岡県磐田市,離職中,1,8.0
静岡県藤枝市,就業中,1,6.0
静岡県袋井市,就業中,1,6.0
静岡県裾野市,就業中,2,5.5
静岡県賀茂郡南伊豆町,就業中,1,6.0
静岡県賀茂郡東伊豆町,就業中,1,6.0
静岡県賀茂郡西伊豆町,就業中,1,6.0
静岡県静岡市清水区,就業中,3,6.0
静岡県静岡市葵区,在学中,1,3.0
静岡県静岡市葵区,就業中,4,5.75
静岡県静岡市葵区,離職中,1,8.0
静岡県静岡市駿河区,在学中,1,3.0
静岡県静岡市駿河区,就業中,4,5.75
静岡県静岡市駿河区,離職中,2,8.5
香川県,就業中,3,6.0
香川県,離職中,1,5.0
香川県丸亀市,就業中,1,6.0
香川県丸亀市,離職中,1,8.0
香川県仲多度郡多度津町,離職中,1,8.0
香川県小豆郡小豆島町,就業中,2,6.0
香川県木田郡三木町,就業中,2,6.0
香川県高松市,就業中,6,5.5
香川県高松市,離職中,1,5.0
高知県,就業中,2,6.0
高知県香南市,在学中,1,4.0
高知県香美市,離職中,1,8.0
高知県高知市,在学中,1,4.0
高知県高知市,就業中,3,5.0
高知県高知市,離職中,1,5.0
鳥取県,就業中,2,6.0
鳥取県鳥取市,就業中,3,4.666666666666667
鹿児島県,就業中,2,5.5
鹿児島県,離職中,1,6.0
鹿児島県いちき串木野市,在学中,1,4.0
鹿児島県出水市,就業中,1,4.0
鹿児島県南九州市,在学中,1,4.0
鹿児島県奄美市,就業中,1,2.0
鹿児島県姶良市,在学中,1,4.0
鹿児島県姶良市,離職中,1,9.0
鹿児島県指宿市,就業中,1,4.0
鹿児島県日置市,在学中,1,4.0
鹿児島県日置市,離職中,1,7.0
鹿児島県肝属郡錦江町,就業中,1,8.0
鹿児島県霧島市,在学中,1,4.0
鹿児島県霧島市,離職中,1,6.0
鹿児島県鹿児島市,在学中,1,4.0
鹿児島県鹿児島市,就業中,3,5.666666666666667
鹿児島県鹿児島市,離職中,3,6.0
鹿児島県鹿屋市,離職中,1,3.0
