location,age_group,count,avg_urgency_score
三重県,30代,1,5.0
三重県,40代,3,5.666666666666667
三重県いなべ市,30代,1,5.0
三重県いなべ市,40代,1,5.0
三重県亀山市,30代,1,5.0
三重県亀山市,40代,1,5.0
三重県亀山市,60代,1,5.0
三重県伊勢市,30代,1,5.0
三重県伊賀市,30代,2,5.0
三重県伊賀市,40代,3,4.666666666666667
三重県伊賀市,60代,1,5.0
三重県北牟婁郡紀北町,30代,1,5.0
三重県名張市,30代,1,5.0
三重県名張市,40代,1,5.0
三重県名張市,60代,2,6.5
三重県員弁郡東員町,20代,1,5.0
三重県四日市市,20代,1,6.0
三重県四日市市,30代,3,5.0
三重県四日市市,40代,2,5.0
三重県四日市市,50代,1,7.0
三重県四日市市,60代,1,8.0
三重県多気郡多気町,30代,1,5.0
三重県多気郡明和町,30代,1,5.0
三重県度会郡大紀町,30代,1,5.0
三重県度会郡度会町,30代,1,5.0
三重県度会郡玉城町,30代,1,5.0
三重県志摩市,30代,1,5.0
三重県志摩市,40代,2,5.0
三重県志摩市,50代,1,8.0
三重県松阪市,20代,2,5.0
三重県松阪市,30代,1,5.0
三重県松阪市,40代,1,5.0
三重県松阪市,50代,3,6.0
三重県松阪市,60代,2,5.0
三重県桑名市,20代,1,6.0
三重県桑名市,30代,2,5.0
三重県桑名市,40代,1,6.0
三重県桑名市,60代,1,8.0
三重県津市,20代,1,6.0
三重県津市,30代,3,5.0
三重県津市,40代,2,5.5
三重県津市,50代,1,7.0
三重県津市,60代,2,7.5
三重県鈴鹿市,20代,1,6.0
三重県鈴鹿市,30代,2,5.0
三重県鈴鹿市,40代,1,3.0
三重県鈴鹿市,60代,2,6.5
三重県鳥羽市,30代,1,5.0
京都府,20代,77,4.038961038961039
京都府,30代,85,4.458823529411765
京都府,40代,116,4.431034482758621
京都府,50代,140,4.507142857142857
京都府,60代,70,4.542857142857143
京都府,70歳以上,12,3.8333333333333335
京都府与謝郡与謝野町,20代,6,2.8333333333333335
京都府与謝郡与謝野町,30代,5,4.0
京都府与謝郡与謝野町,40代,7,3.0
京都府与謝郡与謝野町,50代,13,3.3846153846153846
京都府与謝郡与謝野町,60代,6,4.5
京都府与謝郡与謝野町,70歳以上,1,2.0
京都府与謝郡伊根町,20代,1,2.0
京都府与謝郡伊根町,30代,1,5.0
京都府与謝郡伊根町,60代,1,3.0
京都府久世郡久御山町,20代,14,3.857142857142857
京都府久世郡久御山町,30代,10,5.1
京都府久世郡久御山町,40代,27,4.814814814814815
京都府久世郡久御山町,50代,34,4.882352941176471
京都府久世郡久御山町,60代,12,4.333333333333333
京都府久世郡久御山町,70歳以上,4,3.75
京都府乙訓郡大山崎町,20代,9,2.7777777777777777
京都府乙訓郡大山崎町,30代,12,4.25
京都府乙訓郡大山崎町,40代,16,4.9375
京都府乙訓郡大山崎町,50代,26,4.846153846153846
京都府乙訓郡大山崎町,60代,17,4.705882352941177
京都府乙訓郡大山崎町,70歳以上,5,4.0
京都府亀岡市,20代,44,2.840909090909091
京都府亀岡市,30代,55,3.981818181818182
京都府亀岡市,40代,69,3.579710144927536
京都府亀岡市,50代,66,3.9545454545454546
京都府亀岡市,60代,57,3.754385964912281
京都府亀岡市,70歳以上,17,3.823529411764706
京都府京丹後市,20代,13,2.6923076923076925
京都府京丹後市,30代,7,3.0
京都府京丹後市,40代,4,2.5
京都府京丹後市,50代,21,3.238095238095238
京都府京丹後市,60代,12,3.9166666666666665
京都府京丹後市,70歳以上,1,3.0
京都府京田辺市,20代,41,3.4390243902439024
京都府京田辺市,30代,34,4.382352941176471
京都府京田辺市,40代,75,4.573333333333333
京都府京田辺市,50代,79,4.7215189873417724
京都府京田辺市,60代,54,4.722222222222222
京都府京田辺市,70歳以上,19,4.2105263157894735
京都府京都市上京区,20代,80,4.075
京都府京都市上京区,30代,99,4.717171717171717
京都府京都市上京区,40代,107,4.775700934579439
京都府京都市上京区,50代,146,4.657534246575342
京都府京都市上京区,60代,124,4.758064516129032
京都府京都市上京区,70歳以上,56,4.678571428571429
京都府京都市下京区,20代,112,4.383928571428571
京都府京都市下京区,30代,150,4.573333333333333
京都府京都市下京区,40代,178,4.769662921348314
京都府京都市下京区,50代,211,4.739336492890995
京都府京都市下京区,60代,122,4.819672131147541
京都府京都市下京区,70歳以上,31,4.806451612903226
京都府京都市中京区,20代,113,3.9469026548672566
京都府京都市中京区,30代,150,4.546666666666667
京都府京都市中京区,40代,187,4.6310160427807485
京都府京都市中京区,50代,190,4.689473684210526
京都府京都市中京区,60代,139,4.690647482014389
京都府京都市中京区,70歳以上,39,4.641025641025641
京都府京都市伏見区,20代,250,3.48
京都府京都市伏見区,30代,242,4.206611570247934
京都府京都市伏見区,40代,323,4.256965944272446
京都府京都市伏見区,50代,497,4.185110663983903
京都府京都市伏見区,60代,329,4.09726443768997
京都府京都市伏見区,70歳以上,107,4.383177570093458
京都府京都市北区,20代,108,3.25
京都府京都市北区,30代,86,4.511627906976744
京都府京都市北区,40代,121,4.404958677685951
京都府京都市北区,50代,134,4.1940298507462686
京都府京都市北区,60代,103,4.320388349514563
京都府京都市北区,70歳以上,43,4.5813953488372094
京都府京都市南区,20代,130,3.976923076923077
京都府京都市南区,30代,161,4.590062111801243
京都府京都市南区,40代,182,4.604395604395604
京都府京都市南区,50代,230,4.760869565217392
京都府京都市南区,60代,144,4.444444444444445
京都府京都市南区,70歳以上,38,4.5
京都府京都市右京区,20代,137,3.4744525547445257
京都府京都市右京区,30代,168,4.136904761904762
京都府京都市右京区,40代,240,4.325
京都府京都市右京区,50代,293,4.187713310580205
京都府京都市右京区,60代,209,4.186602870813397
京都府京都市右京区,70歳以上,71,4.28169014084507
京都府京都市山科区,20代,133,3.406015037593985
京都府京都市山科区,30代,163,4.141104294478527
京都府京都市山科区,40代,207,4.357487922705314
京都府京都市山科区,50代,300,4.183333333333334
京都府京都市山科区,60代,180,4.166666666666667
京都府京都市山科区,70歳以上,50,4.44
京都府京都市左京区,20代,92,3.282608695652174
京都府京都市左京区,30代,99,4.434343434343434
京都府京都市左京区,40代,117,4.452991452991453
京都府京都市左京区,50代,139,4.60431654676259
京都府京都市左京区,60代,115,4.4
京都府京都市左京区,70歳以上,48,4.416666666666667
京都府京都市東山区,20代,47,4.276595744680851
京都府京都市東山区,30代,53,4.867924528301887
京都府京都市東山区,40代,75,4.933333333333334
京都府京都市東山区,50代,95,5.052631578947368
京都府京都市東山区,60代,65,5.2153846153846155
京都府京都市東山区,70歳以上,23,5.6521739130434785
京都府京都市西京区,20代,125,3.768
京都府京都市西京区,30代,152,4.506578947368421
京都府京都市西京区,40代,180,4.4944444444444445
京都府京都市西京区,50代,261,4.3486590038314175
京都府京都市西京区,60代,138,4.355072463768116
京都府京都市西京区,70歳以上,66,4.590909090909091
京都府八幡市,20代,44,3.9318181818181817
京都府八幡市,30代,50,4.48
京都府八幡市,40代,83,4.542168674698795
京都府八幡市,50代,128,4.796875
京都府八幡市,60代,55,4.7272727272727275
京都府八幡市,70歳以上,29,3.9310344827586206
京都府南丹市,20代,22,2.4545454545454546
京都府南丹市,30代,23,4.260869565217392
京都府南丹市,40代,27,4.185185185185185
京都府南丹市,50代,28,3.8214285714285716
京都府南丹市,60代,31,4.064516129032258
京都府南丹市,70歳以上,4,3.75
京都府向日市,20代,31,4.258064516129032
京都府向日市,30代,55,4.418181818181818
京都府向日市,40代,71,4.661971830985915
京都府向日市,50代,91,4.615384615384615
京都府向日市,60代,64,4.71875
京都府向日市,70歳以上,15,4.866666666666666
京都府城陽市,20代,51,3.7254901960784315
京都府城陽市,30代,37,4.486486486486487
京都府城陽市,40代,91,4.483516483516484
京都府城陽市,50代,112,4.589285714285714
京都府城陽市,60代,70,4.485714285714286
京都府城陽市,70歳以上,18,4.944444444444445
京都府宇治市,20代,126,3.5634920634920637
京都府宇治市,30代,124,4.008064516129032
京都府宇治市,40代,167,4.389221556886228
京都府宇治市,50代,254,4.196850393700787
京都府宇治市,60代,165,4.0
京都府宇治市,70歳以上,37,4.351351351351352
京都府宮津市,20代,3,3.3333333333333335
京都府宮津市,30代,3,3.3333333333333335
京都府宮津市,40代,10,4.0
京都府宮津市,50代,11,3.4545454545454546
京都府宮津市,60代,3,5.0
京都府宮津市,70歳以上,3,2.6666666666666665
京都府木津川市,20代,54,3.4444444444444446
京都府木津川市,30代,43,4.348837209302325
京都府木津川市,40代,93,4.440860215053763
京都府木津川市,50代,119,4.5210084033613445
京都府木津川市,60代,83,4.506024096385542
京都府木津川市,70歳以上,26,4.346153846153846
京都府相楽郡南山城村,30代,1,3.0
京都府相楽郡南山城村,40代,3,4.666666666666667
京都府相楽郡南山城村,50代,2,3.5
京都府相楽郡南山城村,60代,3,4.333333333333333
京都府相楽郡和束町,30代,1,5.0
京都府相楽郡和束町,40代,2,5.0
京都府相楽郡和束町,50代,2,5.0
京都府相楽郡笠置町,40代,3,4.333333333333333
京都府相楽郡笠置町,60代,1,5.0
京都府相楽郡精華町,20代,23,3.5217391304347827
京都府相楽郡精華町,30代,19,4.578947368421052
京都府相楽郡精華町,40代,51,4.784313725490196
京都府相楽郡精華町,50代,48,4.854166666666667
京都府相楽郡精華町,60代,37,4.594594594594595
京都府相楽郡精華町,70歳以上,6,4.666666666666667
京都府福知山市,20代,35,3.257142857142857
京都府福知山市,30代,27,3.6666666666666665
京都府福知山市,40代,32,3.53125
京都府福知山市,50代,32,3.96875
京都府福知山市,60代,23,3.4347826086956523
京都府福知山市,70歳以上,4,4.0
京都府綴喜郡井手町,20代,4,4.25
京都府綴喜郡井手町,30代,1,5.0
京都府綴喜郡井手町,40代,5,6.2
京都府綴喜郡井手町,50代,12,5.25
京都府綴喜郡井手町,60代,11,5.181818181818182
京都府綴喜郡井手町,70歳以上,1,5.0
京都府綴喜郡宇治田原町,20代,6,3.6666666666666665
京都府綴喜郡宇治田原町,30代,6,4.833333333333333
京都府綴喜郡宇治田原町,40代,13,5.076923076923077
京都府綴喜郡宇治田原町,50代,6,5.333333333333333
京都府綴喜郡宇治田原町,60代,3,3.3333333333333335
京都府綴喜郡宇治田原町,70歳以上,1,7.0
京都府綾部市,20代,4,3.75
京都府綾部市,30代,12,4.166666666666667
京都府綾部市,40代,15,3.6666666666666665
京都府綾部市,50代,4,4.5
京都府綾部市,60代,7,3.7142857142857144
京都府綾部市,70歳以上,2,5.0
京都府舞鶴市,20代,34,3.088235294117647
京都府舞鶴市,30代,28,3.5
京都府舞鶴市,40代,34,3.8823529411764706
京都府舞鶴市,50代,26,3.5384615384615383
京都府舞鶴市,60代,14,3.4285714285714284
京都府舞鶴市,70歳以上,5,3.0
京都府船井郡京丹波町,20代,3,3.0
京都府船井郡京丹波町,30代,6,4.5
京都府船井郡京丹波町,40代,6,3.8333333333333335
京都府船井郡京丹波町,50代,4,4.25
京都府船井郡京丹波町,60代,5,3.2
京都府船井郡京丹波町,70歳以上,2,3.0
京都府長岡京市,20代,45,4.5777777777777775
京都府長岡京市,30代,68,4.882352941176471
京都府長岡京市,40代,109,4.431192660550459
京都府長岡京市,50代,144,4.659722222222222
京都府長岡京市,60代,94,4.414893617021277
京都府長岡京市,70歳以上,21,4.666666666666667
佐賀県,20代,1,5.0
佐賀県,40代,1,6.0
佐賀県三養基郡基山町,30代,1,6.0
佐賀県佐賀市,20代,1,6.0
佐賀県唐津市,20代,1,6.0
佐賀県唐津市,70歳以上,1,5.0
佐賀県多久市,20代,1,6.0
佐賀県嬉野市,20代,1,6.0
佐賀県小城市,20代,1,6.0
佐賀県武雄市,20代,1,6.0
佐賀県神埼市,20代,1,5.0
佐賀県神埼郡吉野ヶ里町,20代,1,6.0
佐賀県西松浦郡有田町,70歳以上,1,5.0
佐賀県鹿島市,20代,1,6.0
兵庫県,20代,9,4.888888888888889
兵庫県,30代,14,4.642857142857143
兵庫県,40代,13,5.076923076923077
兵庫県,50代,8,5.375
兵庫県,60代,7,5.714285714285714
兵庫県,70歳以上,1,4.0
兵庫県たつの市,40代,1,7.0
兵庫県たつの市,70歳以上,1,6.0
兵庫県三木市,50代,3,6.333333333333333
兵庫県三木市,70歳以上,1,9.0
兵庫県三田市,20代,4,5.75
兵庫県三田市,30代,1,5.0
兵庫県三田市,40代,2,6.5
兵庫県三田市,50代,6,5.666666666666667
兵庫県三田市,60代,2,7.5
兵庫県丹波市,20代,7,4.428571428571429
兵庫県丹波市,30代,2,6.0
兵庫県丹波市,40代,3,4.0
兵庫県丹波市,50代,5,5.2
兵庫県丹波市,60代,2,3.5
兵庫県丹波篠山市,20代,3,5.666666666666667
兵庫県丹波篠山市,30代,4,4.5
兵庫県丹波篠山市,40代,3,5.333333333333333
兵庫県丹波篠山市,50代,4,5.0
兵庫県丹波篠山市,60代,2,4.0
兵庫県伊丹市,20代,7,6.142857142857143
兵庫県伊丹市,30代,4,5.75
兵庫県伊丹市,40代,5,6.0
兵庫県伊丹市,50代,4,6.25
兵庫県伊丹市,60代,8,6.25
兵庫県伊丹市,70歳以上,2,6.5
兵庫県加古川市,20代,3,5.0
兵庫県加古川市,30代,2,4.5
兵庫県加古川市,40代,2,5.5
兵庫県加古川市,50代,3,6.666666666666667
兵庫県加古川市,60代,3,5.666666666666667
兵庫県加古川市,70歳以上,1,6.0
兵庫県加古郡稲美町,20代,1,6.0
兵庫県加古郡稲美町,50代,1,6.0
兵庫県加古郡稲美町,70歳以上,1,6.0
兵庫県加東市,30代,1,6.0
兵庫県加東市,50代,1,7.0
兵庫県加東市,60代,2,6.0
兵庫県加西市,20代,2,5.5
兵庫県南あわじ市,60代,1,6.0
兵庫県多可郡多可町,30代,2,6.0
兵庫県多可郡多可町,50代,1,7.0
兵庫県多可郡多可町,60代,1,4.0
兵庫県姫路市,20代,7,5.571428571428571
兵庫県姫路市,30代,3,4.0
兵庫県姫路市,40代,1,6.0
兵庫県姫路市,50代,1,7.0
兵庫県姫路市,60代,2,8.0
兵庫県姫路市,70歳以上,3,7.0
兵庫県宍粟市,70歳以上,1,6.0
兵庫県宝塚市,20代,7,5.714285714285714
兵庫県宝塚市,30代,9,5.333333333333333
兵庫県宝塚市,40代,6,5.833333333333333
兵庫県宝塚市,50代,3,6.0
兵庫県宝塚市,60代,8,6.125
兵庫県宝塚市,70歳以上,2,4.5
兵庫県小野市,20代,2,6.0
兵庫県小野市,50代,2,6.5
兵庫県尼崎市,20代,11,5.545454545454546
兵庫県尼崎市,30代,15,5.4
兵庫県尼崎市,40代,13,5.769230769230769
兵庫県尼崎市,50代,13,6.230769230769231
兵庫県尼崎市,60代,9,6.222222222222222
兵庫県尼崎市,70歳以上,5,5.4
兵庫県川西市,20代,5,5.6
兵庫県川西市,30代,1,5.0
兵庫県川西市,40代,3,6.0
兵庫県川西市,50代,6,5.5
兵庫県川西市,60代,9,5.888888888888889
兵庫県川西市,70歳以上,1,6.0
兵庫県川辺郡猪名川町,20代,3,4.0
兵庫県川辺郡猪名川町,40代,3,6.0
兵庫県川辺郡猪名川町,50代,1,5.0
兵庫県川辺郡猪名川町,60代,2,7.0
兵庫県揖保郡太子町,50代,1,8.0
兵庫県揖保郡太子町,70歳以上,2,7.5
兵庫県明石市,20代,1,6.0
兵庫県明石市,30代,4,6.0
兵庫県明石市,40代,4,6.0
兵庫県明石市,50代,3,7.0
兵庫県明石市,60代,3,5.666666666666667
兵庫県明石市,70歳以上,2,5.0
兵庫県朝来市,20代,2,5.5
兵庫県朝来市,30代,1,3.0
兵庫県朝来市,50代,1,6.0
兵庫県洲本市,50代,1,7.0
兵庫県洲本市,60代,1,6.0
兵庫県淡路市,20代,1,6.0
兵庫県淡路市,30代,1,5.0
兵庫県淡路市,40代,1,6.0
兵庫県淡路市,60代,1,6.0
兵庫県相生市,70歳以上,1,6.0
兵庫県神崎郡市川町,30代,1,5.0
兵庫県神崎郡市川町,60代,1,6.0
兵庫県神崎郡神河町,30代,1,5.0
兵庫県神崎郡神河町,50代,1,5.0
兵庫県神戸市中央区,20代,5,5.6
兵庫県神戸市中央区,30代,7,4.714285714285714
兵庫県神戸市中央区,40代,9,5.333333333333333
兵庫県神戸市中央区,50代,4,6.25
兵庫県神戸市中央区,60代,5,6.6
兵庫県神戸市兵庫区,20代,2,6.0
兵庫県神戸市兵庫区,30代,4,5.5
兵庫県神戸市兵庫区,40代,4,4.75
兵庫県神戸市兵庫区,50代,3,7.0
兵庫県神戸市兵庫区,60代,2,6.5
兵庫県神戸市北区,20代,4,5.75
兵庫県神戸市北区,30代,7,4.714285714285714
兵庫県神戸市北区,40代,3,5.0
兵庫県神戸市北区,50代,7,6.0
兵庫県神戸市北区,60代,3,7.0
兵庫県神戸市北区,70歳以上,1,9.0
兵庫県神戸市垂水区,20代,2,6.0
兵庫県神戸市垂水区,30代,4,5.5
兵庫県神戸市垂水区,40代,3,5.333333333333333
兵庫県神戸市垂水区,50代,4,5.75
兵庫県神戸市垂水区,60代,3,6.333333333333333
兵庫県神戸市東灘区,20代,3,6.0
兵庫県神戸市東灘区,30代,8,5.125
兵庫県神戸市東灘区,40代,5,5.2
兵庫県神戸市東灘区,50代,6,6.333333333333333
兵庫県神戸市東灘区,60代,1,9.0
兵庫県神戸市東灘区,70歳以上,2,6.5
兵庫県神戸市灘区,20代,4,5.75
兵庫県神戸市灘区,30代,5,5.8
兵庫県神戸市灘区,40代,9,5.444444444444445
兵庫県神戸市灘区,50代,6,5.833333333333333
兵庫県神戸市灘区,60代,4,7.0
兵庫県神戸市灘区,70歳以上,2,6.5
兵庫県神戸市西区,20代,3,7.0
兵庫県神戸市西区,30代,3,5.666666666666667
兵庫県神戸市西区,40代,3,6.333333333333333
兵庫県神戸市西区,50代,4,7.0
兵庫県神戸市西区,60代,2,6.0
兵庫県神戸市西区,70歳以上,2,7.5
兵庫県神戸市長田区,20代,3,7.0
兵庫県神戸市長田区,30代,4,5.25
兵庫県神戸市長田区,40代,3,5.0
兵庫県神戸市長田区,50代,2,7.0
兵庫県神戸市長田区,60代,1,6.0
兵庫県神戸市長田区,70歳以上,1,6.0
兵庫県神戸市須磨区,20代,2,6.0
兵庫県神戸市須磨区,30代,2,5.5
兵庫県神戸市須磨区,40代,3,5.0
兵庫県神戸市須磨区,50代,3,6.333333333333333
兵庫県神戸市須磨区,60代,1,4.0
兵庫県神戸市須磨区,70歳以上,1,6.0
兵庫県芦屋市,20代,3,6.0
兵庫県芦屋市,30代,6,5.333333333333333
兵庫県芦屋市,40代,7,5.0
兵庫県芦屋市,50代,5,6.0
兵庫県芦屋市,60代,4,5.0
兵庫県西宮市,20代,9,6.0
兵庫県西宮市,30代,12,5.333333333333333
兵庫県西宮市,40代,14,5.928571428571429
兵庫県西宮市,50代,12,5.833333333333333
兵庫県西宮市,60代,9,6.444444444444445
兵庫県西脇市,20代,1,5.0
兵庫県西脇市,30代,1,6.0
兵庫県西脇市,50代,1,7.0
兵庫県西脇市,60代,2,5.0
兵庫県豊岡市,20代,6,4.166666666666667
兵庫県豊岡市,30代,1,3.0
兵庫県豊岡市,40代,1,3.0
兵庫県豊岡市,60代,2,4.5
兵庫県赤穂市,20代,1,4.0
兵庫県養父市,30代,1,3.0
兵庫県養父市,40代,1,3.0
兵庫県養父市,50代,1,5.0
兵庫県高砂市,30代,1,5.0
兵庫県高砂市,60代,1,6.0
兵庫県高砂市,70歳以上,1,6.0
北海道,30代,1,5.0
北海道,40代,3,6.0
北海道,50代,1,7.0
北海道二海郡八雲町,20代,1,6.0
北海道千歳市,20代,1,6.0
北海道旭川市,20代,1,6.0
北海道旭川市,40代,1,6.0
北海道旭川市,50代,1,3.0
北海道札幌市中央区,20代,2,5.5
北海道札幌市中央区,30代,1,7.0
北海道札幌市中央区,40代,2,5.5
北海道札幌市北区,20代,1,6.0
北海道札幌市北区,50代,1,7.0
北海道札幌市南区,20代,1,6.0
北海道札幌市南区,40代,1,5.0
北海道札幌市厚別区,20代,1,6.0
北海道札幌市手稲区,20代,1,5.0
北海道札幌市手稲区,60代,1,5.0
北海道札幌市東区,20代,3,4.666666666666667
北海道札幌市清田区,20代,1,6.0
北海道札幌市白石区,40代,1,5.0
北海道札幌市西区,20代,2,5.5
北海道札幌市西区,50代,1,7.0
北海道札幌市豊平区,20代,1,6.0
北海道札幌市豊平区,50代,1,8.0
北海道河東郡音更町,20代,1,6.0
北海道苫小牧市,30代,1,5.0
北海道虻田郡倶知安町,20代,1,6.0
北海道野付郡別海町,20代,1,6.0
北海道釧路市,60代,1,9.0
千葉県,20代,1,6.0
千葉県,30代,1,5.0
千葉県,40代,6,6.0
千葉県,50代,1,6.0
千葉県,60代,2,5.5
千葉県佐倉市,20代,1,6.0
千葉県佐倉市,30代,2,5.0
千葉県佐倉市,40代,1,7.0
千葉県佐倉市,60代,4,5.75
千葉県佐倉市,70歳以上,1,6.0
千葉県八千代市,20代,1,6.0
千葉県八千代市,30代,1,5.0
千葉県八千代市,40代,1,4.0
千葉県八千代市,50代,1,5.0
千葉県八千代市,60代,2,6.0
千葉県八千代市,70歳以上,1,6.0
千葉県八街市,20代,1,5.0
千葉県八街市,30代,1,5.0
千葉県八街市,50代,1,5.0
千葉県千葉市中央区,20代,3,5.666666666666667
千葉県千葉市中央区,30代,4,5.0
千葉県千葉市中央区,40代,1,6.0
千葉県千葉市中央区,50代,3,6.0
千葉県千葉市中央区,60代,3,6.0
千葉県千葉市中央区,70歳以上,1,6.0
千葉県千葉市稲毛区,20代,2,6.0
千葉県千葉市稲毛区,30代,2,5.0
千葉県千葉市稲毛区,40代,1,4.0
千葉県千葉市稲毛区,50代,2,6.5
千葉県千葉市稲毛区,60代,2,6.0
千葉県千葉市稲毛区,70歳以上,1,6.0
千葉県千葉市緑区,20代,2,6.0
千葉県千葉市緑区,30代,3,5.0
千葉県千葉市緑区,40代,1,7.0
千葉県千葉市緑区,50代,1,6.0
千葉県千葉市緑区,60代,2,5.0
千葉県千葉市美浜区,20代,2,6.0
千葉県千葉市美浜区,30代,2,5.0
千葉県千葉市美浜区,50代,1,5.0
千葉県千葉市美浜区,60代,1,6.0
千葉県千葉市美浜区,70歳以上,1,6.0
千葉県千葉市花見川区,20代,1,6.0
千葉県千葉市花見川区,30代,2,5.5
千葉県千葉市花見川区,40代,1,5.0
千葉県千葉市花見川区,50代,2,5.0
千葉県千葉市花見川区,60代,1,6.0
千葉県千葉市花見川区,70歳以上,1,4.0
千葉県千葉市若葉区,20代,1,6.0
千葉県千葉市若葉区,30代,1,5.0
千葉県千葉市若葉区,40代,2,6.5
千葉県千葉市若葉区,60代,3,6.0
千葉県千葉市若葉区,70歳以上,1,6.0
千葉県印旛郡酒々井町,30代,1,4.0
千葉県印西市,20代,1,6.0
千葉県印西市,30代,1,5.0
千葉県印西市,60代,1,6.0
千葉県印西市,70歳以上,1,6.0
千葉県君津市,20代,1,5.0
千葉県四街道市,20代,2,5.5
千葉県四街道市,60代,4,6.25
千葉県四街道市,70歳以上,2,6.5
千葉県大網白里市,30代,2,5.0
千葉県富津市,20代,1,6.0
千葉県富里市,30代,1,5.0
千葉県富里市,60代,1,6.0
千葉県山武市,20代,2,5.5
千葉県山武郡九十九里町,60代,1,6.0
千葉県山武郡横芝光町,30代,1,5.0
千葉県市原市,20代,2,6.0
千葉県市原市,30代,2,5.0
千葉県市原市,40代,1,6.0
千葉県市原市,50代,2,5.5
千葉県市原市,60代,4,6.0
千葉県市原市,70歳以上,1,6.0
千葉県市川市,20代,2,6.0
千葉県市川市,30代,4,5.0
千葉県市川市,40代,2,5.5
千葉県市川市,50代,3,5.666666666666667
千葉県市川市,60代,3,6.0
千葉県市川市,70歳以上,2,7.5
千葉県成田市,20代,2,6.0
千葉県成田市,30代,1,5.0
千葉県成田市,60代,3,6.333333333333333
千葉県成田市,70歳以上,1,6.0
千葉県我孫子市,20代,1,6.0
千葉県我孫子市,30代,2,5.0
千葉県我孫子市,50代,1,6.0
千葉県我孫子市,60代,1,6.0
千葉県我孫子市,70歳以上,1,6.0
千葉県旭市,40代,1,7.0
千葉県木更津市,20代,2,6.0
千葉県木更津市,70歳以上,1,6.0
千葉県東金市,20代,1,6.0
千葉県東金市,30代,1,5.0
千葉県松戸市,20代,2,6.0
千葉県松戸市,30代,3,5.0
千葉県松戸市,40代,4,5.0
千葉県松戸市,50代,2,6.0
千葉県松戸市,60代,3,6.0
千葉県松戸市,70歳以上,1,6.0
千葉県柏市,20代,3,4.666666666666667
千葉県柏市,30代,2,5.0
千葉県柏市,40代,3,5.0
千葉県柏市,50代,5,7.2
千葉県柏市,60代,4,5.25
千葉県柏市,70歳以上,1,6.0
千葉県流山市,20代,3,5.666666666666667
千葉県流山市,30代,2,5.0
千葉県流山市,40代,3,5.333333333333333
千葉県流山市,50代,2,7.0
千葉県流山市,60代,3,5.0
千葉県流山市,70歳以上,1,5.0
千葉県浦安市,20代,2,6.0
千葉県浦安市,30代,2,6.5
千葉県浦安市,50代,2,7.0
千葉県浦安市,60代,1,6.0
千葉県浦安市,70歳以上,1,6.0
千葉県白井市,20代,1,6.0
千葉県白井市,40代,1,4.0
千葉県習志野市,20代,3,5.666666666666667
千葉県習志野市,30代,4,5.75
千葉県習志野市,40代,1,6.0
千葉県習志野市,50代,1,5.0
千葉県習志野市,60代,3,6.333333333333333
千葉県習志野市,70歳以上,1,9.0
千葉県船橋市,20代,2,6.0
千葉県船橋市,30代,5,4.6
千葉県船橋市,40代,4,6.0
千葉県船橋市,50代,3,5.333333333333333
千葉県船橋市,60代,4,5.75
千葉県船橋市,70歳以上,2,7.5
千葉県茂原市,20代,1,6.0
千葉県茂原市,30代,1,5.0
千葉県茂原市,60代,1,6.0
千葉県袖ケ浦市,20代,1,6.0
千葉県袖ケ浦市,30代,1,5.0
千葉県袖ケ浦市,70歳以上,2,7.5
千葉県野田市,20代,1,6.0
千葉県野田市,40代,2,5.0
千葉県野田市,50代,1,7.0
千葉県野田市,60代,2,6.0
千葉県銚子市,60代,1,6.0
千葉県鎌ケ谷市,30代,1,5.0
千葉県鎌ケ谷市,50代,1,3.0
千葉県鎌ケ谷市,60代,2,5.5
千葉県長生郡一宮町,30代,1,5.0
千葉県香取市,50代,2,7.5
千葉県香取市,60代,1,6.0
和歌山県,30代,1,6.0
和歌山県,40代,3,6.0
和歌山県,50代,3,5.333333333333333
和歌山県伊都郡かつらぎ町,30代,1,6.0
和歌山県和歌山市,20代,3,7.0
和歌山県和歌山市,30代,5,5.6
和歌山県和歌山市,40代,2,6.0
和歌山県和歌山市,50代,2,6.5
和歌山県和歌山市,60代,2,6.0
和歌山県岩出市,20代,1,6.0
和歌山県岩出市,30代,1,6.0
和歌山県岩出市,40代,1,6.0
和歌山県岩出市,50代,1,4.0
和歌山県東牟婁郡串本町,20代,1,6.0
和歌山県橋本市,20代,1,6.0
和歌山県橋本市,30代,2,5.5
和歌山県橋本市,60代,2,6.0
和歌山県海南市,30代,1,5.0
和歌山県海南市,60代,1,6.0
和歌山県田辺市,20代,1,6.0
和歌山県紀の川市,20代,1,6.0
和歌山県紀の川市,30代,1,6.0
和歌山県西牟婁郡白浜町,40代,1,4.0
埼玉県,30代,3,5.333333333333333
埼玉県,40代,4,6.25
埼玉県,50代,3,6.0
埼玉県,60代,2,5.5
埼玉県さいたま市中央区,20代,1,6.0
埼玉県さいたま市中央区,30代,2,5.0
埼玉県さいたま市中央区,40代,1,6.0
埼玉県さいたま市中央区,60代,2,6.5
埼玉県さいたま市北区,20代,2,5.5
埼玉県さいたま市北区,30代,2,5.0
埼玉県さいたま市北区,40代,2,6.0
埼玉県さいたま市北区,50代,1,5.0
埼玉県さいたま市北区,60代,3,6.0
埼玉県さいたま市北区,70歳以上,1,6.0
埼玉県さいたま市南区,20代,2,6.0
埼玉県さいたま市南区,30代,2,5.0
埼玉県さいたま市南区,40代,1,6.0
埼玉県さいたま市南区,60代,3,6.0
埼玉県さいたま市南区,70歳以上,2,7.5
埼玉県さいたま市大宮区,20代,2,6.0
埼玉県さいたま市大宮区,30代,2,5.0
埼玉県さいたま市大宮区,40代,1,6.0
埼玉県さいたま市大宮区,60代,5,5.8
埼玉県さいたま市大宮区,70歳以上,1,6.0
埼玉県さいたま市岩槻区,20代,1,6.0
埼玉県さいたま市岩槻区,30代,2,5.0
埼玉県さいたま市岩槻区,40代,1,6.0
埼玉県さいたま市岩槻区,50代,1,6.0
埼玉県さいたま市岩槻区,60代,3,6.0
埼玉県さいたま市岩槻区,70歳以上,1,6.0
埼玉県さいたま市桜区,20代,1,6.0
埼玉県さいたま市桜区,30代,1,5.0
埼玉県さいたま市桜区,40代,2,6.0
埼玉県さいたま市桜区,60代,3,6.0
埼玉県さいたま市浦和区,20代,1,6.0
埼玉県さいたま市浦和区,30代,1,5.0
埼玉県さいたま市浦和区,40代,1,6.0
埼玉県さいたま市浦和区,60代,2,6.0
埼玉県さいたま市緑区,20代,3,5.666666666666667
埼玉県さいたま市緑区,30代,2,5.0
埼玉県さいたま市緑区,40代,1,6.0
埼玉県さいたま市緑区,60代,4,6.0
埼玉県さいたま市緑区,70歳以上,1,6.0
埼玉県さいたま市西区,20代,2,4.5
埼玉県さいたま市西区,30代,4,5.25
埼玉県さいたま市西区,40代,2,6.5
埼玉県さいたま市西区,60代,2,6.0
埼玉県さいたま市西区,70歳以上,1,6.0
埼玉県さいたま市見沼区,20代,1,6.0
埼玉県さいたま市見沼区,30代,3,5.0
埼玉県さいたま市見沼区,40代,1,6.0
埼玉県さいたま市見沼区,60代,2,6.0
埼玉県さいたま市見沼区,70歳以上,2,7.5
埼玉県ふじみ野市,20代,1,6.0
埼玉県ふじみ野市,30代,1,5.0
埼玉県ふじみ野市,60代,1,6.0
埼玉県ふじみ野市,70歳以上,1,6.0
埼玉県三郷市,20代,2,6.0
埼玉県三郷市,30代,3,5.0
埼玉県三郷市,40代,1,4.0
埼玉県三郷市,50代,1,8.0
埼玉県三郷市,60代,1,6.0
埼玉県三郷市,70歳以上,1,6.0
埼玉県上尾市,20代,1,6.0
埼玉県上尾市,30代,1,5.0
埼玉県上尾市,40代,1,6.0
埼玉県上尾市,60代,3,6.333333333333333
埼玉県上尾市,70歳以上,1,6.0
埼玉県久喜市,20代,2,5.5
埼玉県久喜市,30代,2,5.0
埼玉県久喜市,40代,1,6.0
埼玉県久喜市,60代,2,5.0
埼玉県久喜市,70歳以上,1,6.0
埼玉県児玉郡上里町,30代,1,5.0
埼玉県児玉郡上里町,60代,1,6.0
埼玉県児玉郡神川町,60代,2,6.0
埼玉県入間市,20代,1,6.0
埼玉県入間市,30代,3,6.0
埼玉県入間市,60代,2,5.5
埼玉県入間市,70歳以上,1,6.0
埼玉県入間郡三芳町,20代,1,6.0
埼玉県入間郡三芳町,30代,2,5.0
埼玉県入間郡三芳町,40代,1,7.0
埼玉県八潮市,20代,1,6.0
埼玉県八潮市,30代,1,5.0
埼玉県八潮市,60代,1,6.0
埼玉県八潮市,70歳以上,1,6.0
埼玉県加須市,30代,2,5.0
埼玉県加須市,40代,1,6.0
埼玉県加須市,50代,1,7.0
埼玉県加須市,70歳以上,1,6.0
埼玉県北本市,20代,1,6.0
埼玉県北本市,30代,1,5.0
埼玉県北本市,60代,2,6.0
埼玉県北葛飾郡杉戸町,60代,1,4.0
埼玉県北足立郡伊奈町,40代,1,7.0
埼玉県吉川市,20代,1,6.0
埼玉県吉川市,30代,2,5.0
埼玉県吉川市,40代,1,6.0
埼玉県吉川市,60代,3,6.0
埼玉県和光市,20代,3,6.0
埼玉県和光市,30代,3,5.0
埼玉県和光市,40代,1,5.0
埼玉県和光市,50代,1,4.0
埼玉県和光市,60代,1,6.0
埼玉県坂戸市,60代,1,6.0
埼玉県大里郡寄居町,60代,1,6.0
埼玉県富士見市,20代,2,6.0
埼玉県富士見市,30代,1,5.0
埼玉県富士見市,60代,1,6.0
埼玉県川口市,20代,6,6.333333333333333
埼玉県川口市,30代,6,5.666666666666667
埼玉県川口市,40代,3,6.666666666666667
埼玉県川口市,50代,1,7.0
埼玉県川口市,60代,2,6.0
埼玉県川口市,70歳以上,1,6.0
埼玉県川越市,20代,1,6.0
埼玉県川越市,30代,3,5.0
埼玉県川越市,40代,2,6.5
埼玉県川越市,60代,4,5.75
埼玉県川越市,70歳以上,1,6.0
埼玉県幸手市,60代,1,4.0
埼玉県志木市,30代,2,5.0
埼玉県志木市,60代,1,6.0
埼玉県戸田市,20代,1,6.0
埼玉県戸田市,30代,3,5.0
埼玉県戸田市,40代,1,5.0
埼玉県戸田市,60代,1,6.0
埼玉県所沢市,20代,2,6.0
埼玉県所沢市,30代,3,5.0
埼玉県所沢市,40代,2,5.5
埼玉県所沢市,50代,1,6.0
埼玉県所沢市,60代,3,6.0
埼玉県新座市,20代,2,5.5
埼玉県新座市,30代,2,5.0
埼玉県新座市,40代,1,7.0
埼玉県新座市,50代,2,6.0
埼玉県新座市,60代,3,6.0
埼玉県新座市,70歳以上,1,6.0
埼玉県春日部市,20代,3,5.666666666666667
埼玉県春日部市,30代,1,5.0
埼玉県春日部市,40代,3,6.333333333333333
埼玉県春日部市,60代,3,6.0
埼玉県春日部市,70歳以上,2,7.5
埼玉県朝霞市,20代,2,6.0
埼玉県朝霞市,30代,3,5.0
埼玉県朝霞市,40代,1,5.0
埼玉県朝霞市,60代,2,6.0
埼玉県朝霞市,70歳以上,1,6.0
埼玉県本庄市,20代,1,5.0
埼玉県本庄市,40代,1,5.0
埼玉県本庄市,50代,1,5.0
埼玉県本庄市,60代,1,6.0
埼玉県東松山市,20代,1,6.0
埼玉県東松山市,40代,2,6.5
埼玉県東松山市,60代,1,6.0
埼玉県桶川市,20代,1,6.0
埼玉県桶川市,30代,1,5.0
埼玉県桶川市,40代,2,6.5
埼玉県桶川市,60代,1,6.0
埼玉県比企郡小川町,60代,1,6.0
埼玉県比企郡嵐山町,20代,1,6.0
埼玉県比企郡川島町,20代,1,6.0
埼玉県比企郡川島町,40代,1,7.0
埼玉県深谷市,20代,1,6.0
埼玉県深谷市,40代,1,6.0
埼玉県深谷市,50代,2,5.5
埼玉県深谷市,60代,2,6.0
埼玉県熊谷市,20代,1,6.0
埼玉県熊谷市,40代,1,6.0
埼玉県熊谷市,60代,3,6.0
埼玉県熊谷市,70歳以上,1,6.0
埼玉県狭山市,20代,1,6.0
埼玉県狭山市,30代,2,5.0
埼玉県狭山市,40代,1,6.0
埼玉県狭山市,50代,2,7.0
埼玉県狭山市,60代,4,5.75
埼玉県白岡市,20代,1,5.0
埼玉県白岡市,40代,2,6.5
埼玉県白岡市,50代,2,7.5
埼玉県白岡市,60代,1,6.0
埼玉県秩父市,20代,1,6.0
埼玉県秩父市,60代,1,6.0
埼玉県秩父郡長瀞町,20代,1,6.0
埼玉県秩父郡長瀞町,60代,1,6.0
埼玉県草加市,20代,1,6.0
埼玉県草加市,30代,4,4.5
埼玉県草加市,40代,1,6.0
埼玉県草加市,60代,3,6.0
埼玉県蓮田市,30代,1,5.0
埼玉県蓮田市,40代,2,6.0
埼玉県蓮田市,60代,2,6.0
埼玉県蕨市,20代,2,6.0
埼玉県蕨市,30代,4,5.75
埼玉県蕨市,50代,1,8.0
埼玉県蕨市,60代,1,6.0
埼玉県行田市,60代,1,6.0
埼玉県越谷市,20代,3,5.666666666666667
埼玉県越谷市,30代,5,4.6
埼玉県越谷市,40代,2,6.0
埼玉県越谷市,50代,1,8.0
埼玉県越谷市,60代,2,6.0
埼玉県越谷市,70歳以上,1,6.0
埼玉県飯能市,20代,1,6.0
埼玉県飯能市,30代,1,5.0
埼玉県飯能市,40代,1,7.0
埼玉県鴻巣市,20代,1,6.0
埼玉県鴻巣市,30代,2,5.0
埼玉県鴻巣市,40代,2,6.5
埼玉県鴻巣市,50代,1,7.0
埼玉県鴻巣市,60代,1,6.0
埼玉県鶴ヶ島市,40代,2,5.5
埼玉県鶴ヶ島市,60代,1,6.0
大分県,40代,2,6.0
大分県中津市,40代,2,4.5
大分県別府市,60代,1,7.0
大分県大分市,20代,1,6.0
大分県大分市,50代,1,8.0
大分県大分市,60代,1,7.0
大分県日田市,20代,1,6.0
大分県日田市,40代,1,6.0
大分県速見郡日出町,60代,1,7.0
大阪府,20代,32,4.46875
大阪府,30代,40,4.9
大阪府,40代,36,5.138888888888889
大阪府,50代,37,5.378378378378378
大阪府,60代,13,5.384615384615385
大阪府,70歳以上,2,3.0
大阪府三島郡島本町,20代,1,6.0
大阪府三島郡島本町,30代,7,5.428571428571429
大阪府三島郡島本町,40代,14,5.071428571428571
大阪府三島郡島本町,50代,15,5.533333333333333
大阪府三島郡島本町,60代,12,5.333333333333333
大阪府三島郡島本町,70歳以上,2,5.5
大阪府交野市,20代,9,6.111111111111111
大阪府交野市,30代,15,5.333333333333333
大阪府交野市,40代,26,5.038461538461538
大阪府交野市,50代,36,5.472222222222222
大阪府交野市,60代,20,5.35
大阪府交野市,70歳以上,2,6.5
大阪府八尾市,20代,9,5.777777777777778
大阪府八尾市,30代,11,5.818181818181818
大阪府八尾市,40代,13,6.153846153846154
大阪府八尾市,50代,13,6.230769230769231
大阪府八尾市,60代,9,6.333333333333333
大阪府八尾市,70歳以上,4,7.0
大阪府南河内郡太子町,20代,1,6.0
大阪府南河内郡太子町,50代,1,5.0
大阪府南河内郡河南町,30代,1,6.0
大阪府南河内郡河南町,50代,1,6.0
大阪府吹田市,20代,21,5.714285714285714
大阪府吹田市,30代,21,5.714285714285714
大阪府吹田市,40代,29,5.758620689655173
大阪府吹田市,50代,24,6.083333333333333
大阪府吹田市,60代,15,6.2
大阪府吹田市,70歳以上,5,5.4
大阪府和泉市,20代,5,5.8
大阪府和泉市,30代,3,5.333333333333333
大阪府和泉市,40代,6,6.166666666666667
大阪府和泉市,50代,4,5.75
大阪府和泉市,60代,3,6.333333333333333
大阪府和泉市,70歳以上,1,6.0
大阪府四條畷市,30代,2,5.5
大阪府四條畷市,40代,7,5.285714285714286
大阪府四條畷市,50代,12,5.75
大阪府四條畷市,60代,7,5.714285714285714
大阪府四條畷市,70歳以上,1,8.0
大阪府堺市中区,20代,6,5.5
大阪府堺市中区,30代,5,5.0
大阪府堺市中区,40代,8,5.875
大阪府堺市中区,50代,4,5.5
大阪府堺市中区,60代,4,6.5
大阪府堺市中区,70歳以上,2,7.5
大阪府堺市北区,20代,4,6.0
大阪府堺市北区,30代,9,5.888888888888889
大阪府堺市北区,40代,8,5.75
大阪府堺市北区,50代,8,6.25
大阪府堺市北区,60代,5,6.8
大阪府堺市北区,70歳以上,3,7.0
大阪府堺市南区,20代,4,6.25
大阪府堺市南区,30代,5,5.4
大阪府堺市南区,40代,8,6.0
大阪府堺市南区,50代,3,6.0
大阪府堺市南区,60代,2,7.0
大阪府堺市南区,70歳以上,2,5.5
大阪府堺市堺区,20代,2,5.5
大阪府堺市堺区,30代,5,5.8
大阪府堺市堺区,40代,9,6.0
大阪府堺市堺区,50代,6,5.833333333333333
大阪府堺市堺区,60代,5,6.6
大阪府堺市堺区,70歳以上,4,7.0
大阪府堺市東区,20代,2,6.0
大阪府堺市東区,30代,5,5.4
大阪府堺市東区,40代,3,6.333333333333333
大阪府堺市東区,50代,3,6.0
大阪府堺市東区,60代,3,6.666666666666667
大阪府堺市美原区,30代,2,6.0
大阪府堺市美原区,40代,3,6.0
大阪府堺市美原区,50代,2,6.5
大阪府堺市美原区,60代,1,7.0
大阪府堺市西区,20代,4,5.25
大阪府堺市西区,30代,5,5.6
大阪府堺市西区,40代,5,5.4
大阪府堺市西区,50代,6,5.5
大阪府堺市西区,60代,2,6.5
大阪府堺市西区,70歳以上,1,9.0
大阪府大東市,20代,7,6.142857142857143
大阪府大東市,30代,5,5.6
大阪府大東市,40代,13,5.923076923076923
大阪府大東市,50代,18,6.0
大阪府大東市,60代,9,5.666666666666667
大阪府大東市,70歳以上,5,7.2
大阪府大阪市中央区,20代,27,5.185185185185185
大阪府大阪市中央区,30代,23,5.826086956521739
大阪府大阪市中央区,40代,22,5.590909090909091
大阪府大阪市中央区,50代,19,6.052631578947368
大阪府大阪市中央区,60代,16,6.375
大阪府大阪市中央区,70歳以上,4,7.0
大阪府大阪市住之江区,20代,3,4.666666666666667
大阪府大阪市住之江区,30代,11,5.545454545454546
大阪府大阪市住之江区,40代,13,5.846153846153846
大阪府大阪市住之江区,50代,7,6.0
大阪府大阪市住之江区,60代,7,7.0
大阪府大阪市住之江区,70歳以上,1,9.0
大阪府大阪市住吉区,20代,4,5.5
大阪府大阪市住吉区,30代,13,5.153846153846154
大阪府大阪市住吉区,40代,19,5.7368421052631575
大阪府大阪市住吉区,50代,13,6.153846153846154
大阪府大阪市住吉区,60代,8,6.25
大阪府大阪市住吉区,70歳以上,2,9.0
大阪府大阪市北区,20代,32,5.28125
大阪府大阪市北区,30代,37,5.45945945945946
大阪府大阪市北区,40代,27,5.777777777777778
大阪府大阪市北区,50代,31,5.709677419354839
大阪府大阪市北区,60代,26,6.230769230769231
大阪府大阪市北区,70歳以上,6,6.666666666666667
大阪府大阪市城東区,20代,9,5.777777777777778
大阪府大阪市城東区,30代,17,5.705882352941177
大阪府大阪市城東区,40代,19,5.684210526315789
大阪府大阪市城東区,50代,20,5.9
大阪府大阪市城東区,60代,11,6.181818181818182
大阪府大阪市城東区,70歳以上,1,6.0
大阪府大阪市大正区,20代,4,5.75
大阪府大阪市大正区,30代,6,5.0
大阪府大阪市大正区,40代,3,6.333333333333333
大阪府大阪市大正区,50代,7,5.571428571428571
大阪府大阪市大正区,60代,7,6.285714285714286
大阪府大阪市大正区,70歳以上,1,9.0
大阪府大阪市天王寺区,20代,9,5.333333333333333
大阪府大阪市天王寺区,30代,12,5.666666666666667
大阪府大阪市天王寺区,40代,9,5.666666666666667
大阪府大阪市天王寺区,50代,14,6.0
大阪府大阪市天王寺区,60代,12,6.25
大阪府大阪市天王寺区,70歳以上,2,8.5
大阪府大阪市平野区,20代,9,6.0
大阪府大阪市平野区,30代,20,5.65
大阪府大阪市平野区,40代,14,5.428571428571429
大阪府大阪市平野区,50代,16,6.0
大阪府大阪市平野区,60代,14,6.571428571428571
大阪府大阪市平野区,70歳以上,6,7.166666666666667
大阪府大阪市旭区,20代,8,5.5
大阪府大阪市旭区,30代,14,5.714285714285714
大阪府大阪市旭区,40代,11,5.818181818181818
大阪府大阪市旭区,50代,13,6.3076923076923075
大阪府大阪市旭区,60代,7,6.428571428571429
大阪府大阪市旭区,70歳以上,3,6.0
大阪府大阪市東住吉区,20代,8,6.0
大阪府大阪市東住吉区,30代,11,5.363636363636363
大阪府大阪市東住吉区,40代,12,5.75
大阪府大阪市東住吉区,50代,11,6.0
大阪府大阪市東住吉区,60代,7,7.142857142857143
大阪府大阪市東住吉区,70歳以上,4,7.25
大阪府大阪市東成区,20代,6,5.166666666666667
大阪府大阪市東成区,30代,9,5.555555555555555
大阪府大阪市東成区,40代,17,5.9411764705882355
大阪府大阪市東成区,50代,11,5.909090909090909
大阪府大阪市東成区,60代,9,6.777777777777778
大阪府大阪市東成区,70歳以上,3,6.0
大阪府大阪市東淀川区,20代,12,5.916666666666667
大阪府大阪市東淀川区,30代,17,5.117647058823529
大阪府大阪市東淀川区,40代,21,6.0
大阪府大阪市東淀川区,50代,31,6.193548387096774
大阪府大阪市東淀川区,60代,15,6.333333333333333
大阪府大阪市東淀川区,70歳以上,5,6.0
大阪府大阪市此花区,20代,3,5.666666666666667
大阪府大阪市此花区,30代,5,5.8
大阪府大阪市此花区,40代,7,5.857142857142857
大阪府大阪市此花区,50代,11,6.090909090909091
大阪府大阪市此花区,60代,4,6.75
大阪府大阪市此花区,70歳以上,2,7.5
大阪府大阪市浪速区,20代,12,5.833333333333333
大阪府大阪市浪速区,30代,14,5.714285714285714
大阪府大阪市浪速区,40代,13,5.846153846153846
大阪府大阪市浪速区,50代,15,6.066666666666666
大阪府大阪市浪速区,60代,15,6.333333333333333
大阪府大阪市浪速区,70歳以上,6,6.0
大阪府大阪市淀川区,20代,15,5.6
大阪府大阪市淀川区,30代,16,5.875
大阪府大阪市淀川区,40代,24,5.75
大阪府大阪市淀川区,50代,21,6.190476190476191
大阪府大阪市淀川区,60代,17,6.470588235294118
大阪府大阪市淀川区,70歳以上,3,6.0
大阪府大阪市港区,20代,2,6.0
大阪府大阪市港区,30代,5,5.2
大阪府大阪市港区,40代,9,5.888888888888889
大阪府大阪市港区,50代,7,6.428571428571429
大阪府大阪市港区,60代,6,6.666666666666667
大阪府大阪市港区,70歳以上,3,6.666666666666667
大阪府大阪市生野区,20代,10,5.0
大阪府大阪市生野区,30代,16,5.75
大阪府大阪市生野区,40代,20,5.8
大阪府大阪市生野区,50代,16,6.0625
大阪府大阪市生野区,60代,12,6.833333333333333
大阪府大阪市生野区,70歳以上,6,6.333333333333333
大阪府大阪市福島区,20代,6,5.0
大阪府大阪市福島区,30代,12,5.666666666666667
大阪府大阪市福島区,40代,11,5.636363636363637
大阪府大阪市福島区,50代,11,5.7272727272727275
大阪府大阪市福島区,60代,6,6.333333333333333
大阪府大阪市福島区,70歳以上,3,5.666666666666667
大阪府大阪市西区,20代,11,5.2727272727272725
大阪府大阪市西区,30代,14,5.571428571428571
大阪府大阪市西区,40代,15,6.0
大阪府大阪市西区,50代,12,6.083333333333333
大阪府大阪市西区,60代,7,6.571428571428571
大阪府大阪市西区,70歳以上,3,7.333333333333333
大阪府大阪市西成区,20代,9,5.222222222222222
大阪府大阪市西成区,30代,15,5.6
大阪府大阪市西成区,40代,18,5.888888888888889
大阪府大阪市西成区,50代,17,5.882352941176471
大阪府大阪市西成区,60代,12,6.333333333333333
大阪府大阪市西成区,70歳以上,4,7.25
大阪府大阪市西淀川区,20代,10,6.3
大阪府大阪市西淀川区,30代,13,5.461538461538462
大阪府大阪市西淀川区,40代,14,5.428571428571429
大阪府大阪市西淀川区,50代,12,6.083333333333333
大阪府大阪市西淀川区,60代,8,7.0
大阪府大阪市都島区,20代,10,5.0
大阪府大阪市都島区,30代,18,5.611111111111111
大阪府大阪市都島区,40代,17,5.764705882352941
大阪府大阪市都島区,50代,26,6.076923076923077
大阪府大阪市都島区,60代,6,6.5
大阪府大阪市都島区,70歳以上,1,8.0
大阪府大阪市阿倍野区,20代,9,5.0
大阪府大阪市阿倍野区,30代,7,5.714285714285714
大阪府大阪市阿倍野区,40代,10,5.7
大阪府大阪市阿倍野区,50代,17,5.705882352941177
大阪府大阪市阿倍野区,60代,8,6.25
大阪府大阪市阿倍野区,70歳以上,2,6.5
大阪府大阪市鶴見区,20代,7,5.857142857142857
大阪府大阪市鶴見区,30代,10,5.2
大阪府大阪市鶴見区,40代,10,5.6
大阪府大阪市鶴見区,50代,14,6.285714285714286
大阪府大阪市鶴見区,60代,8,6.75
大阪府大阪市鶴見区,70歳以上,5,5.6
大阪府大阪狭山市,20代,2,6.0
大阪府大阪狭山市,30代,3,6.0
大阪府大阪狭山市,40代,1,6.0
大阪府大阪狭山市,50代,4,6.25
大阪府大阪狭山市,60代,1,7.0
大阪府守口市,20代,10,6.0
大阪府守口市,30代,14,5.285714285714286
大阪府守口市,40代,18,5.666666666666667
大阪府守口市,50代,29,6.0
大阪府守口市,60代,14,5.714285714285714
大阪府守口市,70歳以上,5,5.0
大阪府富田林市,20代,2,7.5
大阪府富田林市,30代,3,5.333333333333333
大阪府富田林市,40代,3,6.0
大阪府富田林市,50代,7,5.857142857142857
大阪府富田林市,60代,2,7.0
大阪府寝屋川市,20代,17,5.352941176470588
大阪府寝屋川市,30代,20,5.25
大阪府寝屋川市,40代,30,5.6
大阪府寝屋川市,50代,40,5.725
大阪府寝屋川市,60代,16,5.8125
大阪府寝屋川市,70歳以上,6,6.5
大阪府岸和田市,20代,4,5.75
大阪府岸和田市,30代,2,5.5
大阪府岸和田市,40代,5,6.2
大阪府岸和田市,50代,3,5.666666666666667
大阪府岸和田市,60代,5,6.6
大阪府岸和田市,70歳以上,2,7.5
大阪府摂津市,20代,9,5.555555555555555
大阪府摂津市,30代,7,5.285714285714286
大阪府摂津市,40代,17,5.705882352941177
大阪府摂津市,50代,15,6.2
大阪府摂津市,60代,3,5.666666666666667
大阪府摂津市,70歳以上,1,5.0
大阪府東大阪市,20代,14,5.857142857142857
大阪府東大阪市,30代,17,5.411764705882353
大阪府東大阪市,40代,28,5.678571428571429
大阪府東大阪市,50代,31,5.709677419354839
大阪府東大阪市,60代,32,5.78125
大阪府東大阪市,70歳以上,8,6.375
大阪府松原市,20代,2,6.0
大阪府松原市,30代,4,6.25
大阪府松原市,40代,3,6.333333333333333
大阪府松原市,50代,5,6.4
大阪府松原市,60代,7,6.142857142857143
大阪府枚方市,20代,37,4.675675675675675
大阪府枚方市,30代,69,4.898550724637682
大阪府枚方市,40代,115,4.521739130434782
大阪府枚方市,50代,124,5.201612903225806
大阪府枚方市,60代,69,5.0144927536231885
大阪府枚方市,70歳以上,18,5.388888888888889
大阪府柏原市,20代,3,5.666666666666667
大阪府柏原市,40代,3,6.0
大阪府柏原市,50代,3,6.666666666666667
大阪府柏原市,60代,3,7.333333333333333
大阪府池田市,20代,3,5.0
大阪府池田市,30代,5,5.0
大阪府池田市,40代,9,6.0
大阪府池田市,50代,5,5.8
大阪府池田市,60代,7,6.571428571428571
大阪府池田市,70歳以上,4,6.75
大阪府河内長野市,20代,2,5.0
大阪府河内長野市,30代,2,6.0
大阪府河内長野市,40代,2,6.0
大阪府河内長野市,50代,4,5.75
大阪府河内長野市,60代,2,6.5
大阪府泉佐野市,20代,2,5.0
大阪府泉佐野市,30代,2,5.5
大阪府泉佐野市,40代,4,6.25
大阪府泉佐野市,50代,3,6.666666666666667
大阪府泉佐野市,60代,1,5.0
大阪府泉佐野市,70歳以上,1,9.0
大阪府泉北郡忠岡町,40代,1,6.0
大阪府泉北郡忠岡町,60代,1,9.0
大阪府泉南市,20代,1,9.0
大阪府泉南市,30代,1,6.0
大阪府泉南市,40代,2,6.0
大阪府泉南市,60代,1,6.0
大阪府泉南市,70歳以上,1,9.0
大阪府泉南郡岬町,20代,1,6.0
大阪府泉南郡岬町,60代,1,6.0
大阪府泉南郡熊取町,20代,1,6.0
大阪府泉南郡熊取町,30代,1,6.0
大阪府泉南郡熊取町,50代,1,6.0
大阪府泉南郡熊取町,60代,1,9.0
大阪府泉大津市,20代,1,6.0
大阪府泉大津市,30代,2,5.5
大阪府泉大津市,40代,2,6.0
大阪府泉大津市,60代,5,6.8
大阪府泉大津市,70歳以上,1,6.0
大阪府箕面市,20代,11,6.0
大阪府箕面市,30代,5,5.2
大阪府箕面市,40代,13,5.6923076923076925
大阪府箕面市,50代,9,5.555555555555555
大阪府箕面市,60代,12,5.75
大阪府箕面市,70歳以上,3,5.666666666666667
大阪府羽曳野市,20代,3,6.0
大阪府羽曳野市,30代,5,5.4
大阪府羽曳野市,40代,6,5.833333333333333
大阪府羽曳野市,50代,5,5.8
大阪府羽曳野市,60代,5,7.0
大阪府茨木市,20代,18,5.722222222222222
大阪府茨木市,30代,17,5.470588235294118
大阪府茨木市,40代,30,5.7
大阪府茨木市,50代,46,5.804347826086956
大阪府茨木市,60代,20,6.1
大阪府茨木市,70歳以上,9,5.111111111111111
大阪府藤井寺市,20代,3,6.0
大阪府藤井寺市,30代,4,5.5
大阪府藤井寺市,40代,4,6.0
大阪府藤井寺市,50代,4,6.25
大阪府藤井寺市,60代,5,6.8
大阪府藤井寺市,70歳以上,2,8.0
大阪府豊中市,20代,20,5.55
大阪府豊中市,30代,18,5.388888888888889
大阪府豊中市,40代,28,5.785714285714286
大阪府豊中市,50代,25,5.84
大阪府豊中市,60代,8,6.5
大阪府豊中市,70歳以上,6,5.666666666666667
大阪府豊能郡能勢町,40代,3,5.333333333333333
大阪府豊能郡能勢町,60代,3,5.0
大阪府豊能郡豊能町,40代,1,4.0
大阪府豊能郡豊能町,50代,1,4.0
大阪府豊能郡豊能町,60代,2,5.0
大阪府貝塚市,20代,1,6.0
大阪府貝塚市,30代,4,6.25
大阪府貝塚市,40代,2,6.5
大阪府貝塚市,50代,1,6.0
大阪府貝塚市,60代,1,6.0
大阪府貝塚市,70歳以上,1,6.0
大阪府門真市,20代,8,6.0
大阪府門真市,30代,8,4.75
大阪府門真市,40代,16,5.875
大阪府門真市,50代,19,5.631578947368421
大阪府門真市,60代,11,5.545454545454546
大阪府門真市,70歳以上,4,6.0
大阪府阪南市,40代,1,6.0
大阪府高槻市,20代,32,5.03125
大阪府高槻市,30代,42,5.214285714285714
大阪府高槻市,40代,51,5.2745098039215685
大阪府高槻市,50代,62,5.387096774193548
大阪府高槻市,60代,34,5.764705882352941
大阪府高槻市,70歳以上,16,4.9375
大阪府高石市,20代,1,6.0
大阪府高石市,30代,2,5.5
大阪府高石市,40代,3,6.0
大阪府高石市,50代,2,6.5
大阪府高石市,60代,1,6.0
大阪府高石市,70歳以上,3,7.0
奈良県,20代,6,5.166666666666667
奈良県,30代,6,5.5
奈良県,40代,11,5.636363636363637
奈良県,50代,15,5.2
奈良県,60代,8,4.5
奈良県五條市,20代,2,5.0
奈良県五條市,30代,1,6.0
奈良県五條市,50代,1,6.0
奈良県北葛城郡上牧町,20代,1,6.0
奈良県北葛城郡上牧町,40代,2,7.5
奈良県北葛城郡上牧町,50代,3,6.0
奈良県北葛城郡上牧町,60代,2,7.0
奈良県北葛城郡広陵町,20代,1,6.0
奈良県北葛城郡広陵町,30代,1,6.0
奈良県北葛城郡広陵町,40代,2,5.5
奈良県北葛城郡広陵町,60代,2,7.5
奈良県北葛城郡河合町,30代,3,5.333333333333333
奈良県北葛城郡河合町,50代,2,6.5
奈良県北葛城郡河合町,60代,2,7.5
奈良県北葛城郡河合町,70歳以上,1,5.0
奈良県北葛城郡王寺町,20代,3,5.666666666666667
奈良県北葛城郡王寺町,30代,3,5.666666666666667
奈良県北葛城郡王寺町,40代,3,6.0
奈良県北葛城郡王寺町,50代,4,5.0
奈良県北葛城郡王寺町,60代,4,6.5
奈良県北葛城郡王寺町,70歳以上,2,5.5
奈良県吉野郡下北山村,30代,1,5.0
奈良県吉野郡下北山村,50代,1,6.0
奈良県吉野郡下市町,20代,1,6.0
奈良県吉野郡下市町,30代,1,5.0
奈良県吉野郡下市町,40代,1,6.0
奈良県吉野郡吉野町,20代,2,6.0
奈良県吉野郡吉野町,30代,1,6.0
奈良県吉野郡大淀町,20代,1,6.0
奈良県吉野郡大淀町,30代,2,6.0
奈良県吉野郡大淀町,50代,1,6.0
奈良県吉野郡大淀町,60代,1,6.0
奈良県大和郡山市,20代,5,5.0
奈良県大和郡山市,30代,7,5.428571428571429
奈良県大和郡山市,40代,11,5.545454545454546
奈良県大和郡山市,50代,32,5.1875
奈良県大和郡山市,60代,14,5.428571428571429
奈良県大和郡山市,70歳以上,6,5.5
奈良県大和高田市,20代,2,6.0
奈良県大和高田市,30代,5,6.0
奈良県大和高田市,40代,2,5.5
奈良県大和高田市,50代,2,6.0
奈良県大和高田市,60代,2,7.0
奈良県大和高田市,70歳以上,2,5.5
奈良県天理市,20代,2,5.5
奈良県天理市,30代,6,5.666666666666667
奈良県天理市,40代,6,5.333333333333333
奈良県天理市,50代,14,5.642857142857143
奈良県天理市,60代,7,6.0
奈良県天理市,70歳以上,3,6.0
奈良県奈良市,20代,22,4.318181818181818
奈良県奈良市,30代,47,4.723404255319149
奈良県奈良市,40代,76,4.7368421052631575
奈良県奈良市,50代,98,4.76530612244898
奈良県奈良市,60代,68,4.647058823529412
奈良県奈良市,70歳以上,16,4.875
奈良県宇陀市,50代,1,7.0
奈良県宇陀市,60代,1,5.0
奈良県宇陀郡御杖村,60代,1,5.0
奈良県山辺郡山添村,30代,1,5.0
奈良県山辺郡山添村,50代,1,6.0
奈良県山辺郡山添村,60代,1,5.0
奈良県御所市,20代,2,6.0
奈良県御所市,30代,3,6.0
奈良県御所市,40代,1,6.0
奈良県御所市,50代,3,5.333333333333333
奈良県御所市,60代,2,7.5
奈良県桜井市,20代,2,6.0
奈良県桜井市,40代,2,4.0
奈良県桜井市,50代,2,5.5
奈良県桜井市,60代,3,7.0
奈良県桜井市,70歳以上,2,5.5
奈良県橿原市,20代,5,5.6
奈良県橿原市,30代,7,5.571428571428571
奈良県橿原市,40代,5,6.2
奈良県橿原市,50代,10,5.6
奈良県橿原市,60代,7,6.285714285714286
奈良県橿原市,70歳以上,4,5.5
奈良県生駒市,20代,4,6.0
奈良県生駒市,30代,11,5.636363636363637
奈良県生駒市,40代,28,5.321428571428571
奈良県生駒市,50代,28,5.25
奈良県生駒市,60代,18,4.944444444444445
奈良県生駒市,70歳以上,4,5.25
奈良県生駒郡三郷町,30代,2,6.5
奈良県生駒郡三郷町,40代,1,8.0
奈良県生駒郡三郷町,50代,9,5.444444444444445
奈良県生駒郡三郷町,60代,7,5.857142857142857
奈良県生駒郡三郷町,70歳以上,1,5.0
奈良県生駒郡安堵町,30代,2,5.5
奈良県生駒郡安堵町,40代,1,7.0
奈良県生駒郡安堵町,60代,1,5.0
奈良県生駒郡安堵町,70歳以上,1,6.0
奈良県生駒郡平群町,20代,1,6.0
奈良県生駒郡平群町,30代,1,6.0
奈良県生駒郡平群町,40代,3,5.666666666666667
奈良県生駒郡平群町,50代,4,6.0
奈良県生駒郡平群町,60代,7,5.857142857142857
奈良県生駒郡平群町,70歳以上,1,6.0
奈良県生駒郡斑鳩町,30代,1,7.0
奈良県生駒郡斑鳩町,40代,7,6.142857142857143
奈良県生駒郡斑鳩町,50代,2,6.0
奈良県生駒郡斑鳩町,60代,4,6.25
奈良県生駒郡斑鳩町,70歳以上,3,5.666666666666667
奈良県磯城郡三宅町,20代,1,5.0
奈良県磯城郡三宅町,30代,1,7.0
奈良県磯城郡三宅町,40代,1,5.0
奈良県磯城郡三宅町,50代,1,7.0
奈良県磯城郡三宅町,60代,2,7.5
奈良県磯城郡川西町,30代,1,5.0
奈良県磯城郡川西町,50代,1,5.0
奈良県磯城郡田原本町,20代,3,5.666666666666667
奈良県磯城郡田原本町,30代,4,6.5
奈良県磯城郡田原本町,40代,3,5.666666666666667
奈良県磯城郡田原本町,50代,5,5.2
奈良県磯城郡田原本町,60代,5,6.6
奈良県磯城郡田原本町,70歳以上,1,6.0
奈良県葛城市,20代,2,6.0
奈良県葛城市,30代,3,6.333333333333333
奈良県葛城市,40代,1,5.0
奈良県葛城市,50代,1,6.0
奈良県葛城市,60代,3,7.0
奈良県香芝市,20代,2,6.0
奈良県香芝市,30代,4,6.5
奈良県香芝市,40代,4,6.0
奈良県香芝市,50代,3,5.666666666666667
奈良県香芝市,60代,4,6.5
奈良県香芝市,70歳以上,1,6.0
奈良県高市郡明日香村,20代,1,6.0
奈良県高市郡高取町,20代,1,6.0
宮城県,20代,1,4.0
宮城県,30代,1,5.0
宮城県,40代,3,6.333333333333333
宮城県,50代,1,7.0
宮城県,60代,1,6.0
宮城県仙台市太白区,20代,1,6.0
宮城県仙台市太白区,30代,1,5.0
宮城県仙台市宮城野区,30代,1,5.0
宮城県仙台市宮城野区,50代,1,8.0
宮城県仙台市宮城野区,60代,1,4.0
宮城県仙台市泉区,20代,1,6.0
宮城県仙台市泉区,50代,1,8.0
宮城県仙台市泉区,70歳以上,1,6.0
宮城県仙台市若林区,20代,1,6.0
宮城県仙台市若林区,30代,1,5.0
宮城県仙台市若林区,70歳以上,1,6.0
宮城県仙台市青葉区,20代,1,6.0
宮城県仙台市青葉区,30代,1,5.0
宮城県仙台市青葉区,60代,1,6.0
宮城県加美郡加美町,20代,1,5.0
宮城県名取市,20代,1,6.0
宮城県名取市,30代,1,5.0
宮城県塩竈市,50代,1,8.0
宮城県多賀城市,20代,1,6.0
宮城県宮城郡七ヶ浜町,30代,1,5.0
宮城県宮城郡利府町,20代,1,6.0
宮城県石巻市,20代,1,6.0
宮崎県,20代,1,5.0
宮崎県,40代,1,6.0
宮崎県児湯郡木城町,50代,1,7.0
宮崎県北諸県郡三股町,20代,1,6.0
宮崎県宮崎市,20代,1,6.0
宮崎県宮崎市,30代,2,7.0
宮崎県延岡市,20代,1,6.0
宮崎県日南市,20代,1,6.0
宮崎県都城市,50代,1,6.0
富山県,30代,1,5.0
富山県,40代,2,6.0
富山県,50代,1,4.0
富山県南砺市,70歳以上,1,5.0
富山県富山市,60代,1,6.0
富山県射水市,20代,1,6.0
富山県砺波市,20代,1,6.0
富山県高岡市,20代,1,6.0
富山県黒部市,20代,1,6.0
山口県,40代,2,6.0
山口県下松市,20代,1,6.0
山口県下関市,20代,2,5.0
山口県光市,20代,1,6.0
山口県周南市,20代,1,6.0
山口県大島郡周防大島町,20代,1,6.0
山口県山口市,20代,1,6.0
山口県山口市,30代,2,4.5
山口県山口市,60代,1,6.0
山口県山陽小野田市,20代,2,4.5
山口県岩国市,30代,1,5.0
山口県岩国市,50代,1,5.0
山口県熊毛郡平生町,20代,1,4.0
山口県熊毛郡田布施町,20代,1,4.0
山口県萩市,20代,1,6.0
山口県防府市,20代,1,6.0
山形県,40代,2,6.0
山形県上山市,30代,1,5.0
山形県寒河江市,20代,1,5.0
山形県山形市,20代,2,4.5
山形県山形市,30代,1,5.0
山形県山形市,60代,1,6.0
山形県米沢市,20代,1,5.0
山形県米沢市,70歳以上,1,6.0
山形県西村山郡大江町,20代,1,6.0
山形県鶴岡市,70歳以上,1,6.0
山梨県,40代,1,6.0
山梨県,50代,1,7.0
山梨県,60代,1,6.0
山梨県上野原市,30代,1,5.0
山梨県中央市,40代,1,7.0
山梨県北杜市,40代,1,7.0
山梨県南アルプス市,40代,1,7.0
山梨県南巨摩郡身延町,40代,1,6.0
山梨県南都留郡富士河口湖町,50代,1,8.0
山梨県山梨市,40代,1,7.0
山梨県甲州市,40代,1,7.0
山梨県甲府市,30代,1,5.0
山梨県甲府市,40代,2,6.5
山梨県甲府市,60代,1,6.0
山梨県甲斐市,30代,1,5.0
山梨県甲斐市,40代,1,7.0
山梨県笛吹市,30代,1,5.0
山梨県笛吹市,40代,1,7.0
山梨県都留市,60代,1,6.0
岐阜県,30代,1,4.0
岐阜県,40代,4,5.5
岐阜県,60代,1,6.0
岐阜県下呂市,70歳以上,1,9.0
岐阜県中津川市,40代,1,5.0
岐阜県中津川市,60代,1,8.0
岐阜県加茂郡八百津町,30代,1,5.0
岐阜県加茂郡八百津町,60代,1,8.0
岐阜県加茂郡坂祝町,60代,1,8.0
岐阜県加茂郡白川町,60代,1,8.0
岐阜県可児市,20代,1,6.0
岐阜県可児市,30代,1,5.0
岐阜県可児市,60代,1,8.0
岐阜県可児市,70歳以上,1,9.0
岐阜県可児郡御嵩町,60代,1,8.0
岐阜県各務原市,20代,2,5.5
岐阜県各務原市,30代,2,5.0
岐阜県各務原市,60代,4,6.5
岐阜県各務原市,70歳以上,1,9.0
岐阜県土岐市,30代,1,5.0
岐阜県土岐市,60代,1,8.0
岐阜県多治見市,20代,1,6.0
岐阜県多治見市,30代,2,5.0
岐阜県多治見市,60代,1,8.0
岐阜県多治見市,70歳以上,1,9.0
岐阜県大垣市,20代,1,6.0
岐阜県大垣市,40代,1,7.0
岐阜県大垣市,60代,2,7.0
岐阜県大垣市,70歳以上,1,9.0
岐阜県安八郡神戸町,30代,1,5.0
岐阜県安八郡神戸町,60代,1,8.0
岐阜県岐阜市,20代,3,4.0
岐阜県岐阜市,30代,3,5.333333333333333
岐阜県岐阜市,40代,1,6.0
岐阜県岐阜市,50代,1,8.0
岐阜県岐阜市,60代,5,6.4
岐阜県岐阜市,70歳以上,2,7.5
岐阜県恵那市,60代,1,8.0
岐阜県恵那市,70歳以上,1,9.0
岐阜県揖斐郡池田町,30代,1,5.0
岐阜県本巣市,60代,1,8.0
岐阜県海津市,20代,1,6.0
岐阜県海津市,60代,1,8.0
岐阜県瑞穂市,20代,1,6.0
岐阜県瑞穂市,60代,1,8.0
岐阜県瑞穂市,70歳以上,1,9.0
岐阜県美濃加茂市,30代,1,5.0
岐阜県美濃加茂市,60代,2,7.0
岐阜県美濃市,50代,1,8.0
岐阜県羽島市,20代,1,6.0
岐阜県羽島市,60代,1,8.0
岐阜県羽島郡岐南町,20代,1,6.0
岐阜県羽島郡岐南町,60代,3,6.666666666666667
岐阜県羽島郡笠松町,20代,1,2.0
岐阜県関市,30代,2,5.0
岐阜県関市,70歳以上,1,9.0
岐阜県高山市,20代,2,7.5
岐阜県高山市,70歳以上,1,9.0
岡山県,20代,1,4.0
岡山県,30代,1,5.0
岡山県,40代,3,6.0
岡山県,50代,1,6.0
岡山県井原市,40代,1,7.0
岡山県倉敷市,20代,2,5.0
岡山県倉敷市,40代,2,7.0
岡山県備前市,60代,1,6.0
岡山県小田郡矢掛町,40代,1,7.0
岡山県岡山市中区,20代,1,6.0
岡山県岡山市北区,20代,2,5.0
岡山県岡山市北区,40代,2,7.0
岡山県岡山市北区,60代,1,6.0
岡山県岡山市南区,20代,1,6.0
岡山県岡山市南区,40代,1,7.0
岡山県岡山市東区,20代,1,6.0
岡山県浅口市,40代,1,7.0
岡山県浅口郡里庄町,40代,1,7.0
岡山県瀬戸内市,60代,2,5.5
岡山県笠岡市,20代,1,4.0
岡山県総社市,20代,2,5.0
岡山県総社市,40代,2,7.0
岡山県高梁市,20代,1,6.0
岩手県,40代,2,6.0
岩手県,60代,1,6.0
岩手県一関市,50代,1,4.0
岩手県一関市,70歳以上,1,6.0
岩手県久慈市,60代,1,6.0
岩手県北上市,30代,1,5.0
岩手県盛岡市,30代,1,5.0
岩手県盛岡市,70歳以上,1,6.0
岩手県花巻市,70歳以上,1,6.0
島根県,20代,1,5.0
島根県,40代,4,6.0
広島県,20代,2,4.5
広島県,40代,3,6.0
広島県,50代,1,5.0
広島県,60代,1,8.0
広島県三原市,50代,1,6.0
広島県三次市,50代,1,5.0
広島県大竹市,30代,1,5.0
広島県安芸郡坂町,30代,1,5.0
広島県安芸郡府中町,20代,1,5.0
広島県安芸郡府中町,30代,1,5.0
広島県安芸郡海田町,20代,1,5.0
広島県安芸郡海田町,30代,1,5.0
広島県安芸郡海田町,50代,1,6.0
広島県安芸高田市,20代,1,5.0
広島県尾道市,30代,2,5.0
広島県尾道市,50代,1,6.0
広島県広島市中区,20代,3,5.333333333333333
広島県広島市中区,30代,3,5.0
広島県広島市中区,40代,2,6.5
広島県広島市中区,50代,1,6.0
広島県広島市佐伯区,20代,3,5.0
広島県広島市佐伯区,30代,1,5.0
広島県広島市佐伯区,40代,1,6.0
広島県広島市佐伯区,50代,1,6.0
広島県広島市南区,20代,2,5.5
広島県広島市南区,30代,2,5.0
広島県広島市南区,50代,2,5.0
広島県広島市安佐北区,20代,2,4.5
広島県広島市安佐北区,30代,2,5.0
広島県広島市安佐南区,20代,2,5.5
広島県広島市安佐南区,30代,3,5.0
広島県広島市安佐南区,50代,1,7.0
広島県広島市安芸区,30代,1,5.0
広島県広島市安芸区,50代,1,7.0
広島県広島市東区,20代,3,5.333333333333333
広島県広島市東区,30代,1,5.0
広島県広島市東区,50代,2,6.5
広島県広島市西区,20代,3,5.333333333333333
広島県広島市西区,30代,1,5.0
広島県広島市西区,50代,1,5.0
広島県廿日市市,20代,2,5.0
広島県廿日市市,30代,2,5.0
広島県廿日市市,40代,1,6.0
広島県東広島市,20代,1,5.0
広島県福山市,20代,1,6.0
広島県福山市,30代,2,5.0
広島県福山市,40代,2,6.5
広島県福山市,50代,2,6.5
広島県福山市,70歳以上,1,9.0
広島県竹原市,30代,1,5.0
徳島県,40代,1,6.0
徳島県吉野川市,20代,3,4.333333333333333
徳島県徳島市,20代,2,5.0
徳島県板野郡藍住町,20代,2,5.0
徳島県阿南市,30代,1,6.0
徳島県鳴門市,20代,1,6.0
徳島県鳴門市,30代,1,6.0
徳島県鳴門市,50代,1,4.0
愛媛県,20代,1,5.0
愛媛県,40代,3,6.0
愛媛県伊予市,20代,1,6.0
愛媛県伊予市,40代,1,4.0
愛媛県四国中央市,30代,1,8.0
愛媛県新居浜市,20代,1,6.0
愛媛県松山市,20代,2,6.0
愛媛県松山市,30代,2,6.0
愛媛県松山市,40代,1,4.0
愛媛県松山市,50代,1,6.0
愛媛県松山市,60代,2,5.0
愛媛県西条市,60代,1,4.0
愛知県,20代,5,5.0
愛知県,30代,5,4.8
愛知県,40代,6,5.666666666666667
愛知県,50代,2,5.5
愛知県,60代,1,6.0
愛知県あま市,20代,1,6.0
愛知県あま市,30代,2,5.0
愛知県あま市,40代,1,7.0
愛知県あま市,60代,2,7.0
愛知県みよし市,30代,1,5.0
愛知県みよし市,60代,1,8.0
愛知県一宮市,20代,2,4.0
愛知県一宮市,30代,2,5.5
愛知県一宮市,40代,2,6.5
愛知県一宮市,50代,1,8.0
愛知県一宮市,60代,1,6.0
愛知県一宮市,70歳以上,1,9.0
愛知県丹羽郡大口町,60代,1,6.0
愛知県丹羽郡扶桑町,60代,2,7.0
愛知県刈谷市,20代,1,6.0
愛知県刈谷市,30代,1,5.0
愛知県刈谷市,50代,1,5.0
愛知県刈谷市,60代,1,8.0
愛知県刈谷市,70歳以上,1,9.0
愛知県北名古屋市,20代,1,6.0
愛知県北名古屋市,60代,2,7.0
愛知県半田市,20代,1,6.0
愛知県半田市,30代,2,5.5
愛知県半田市,40代,2,5.0
愛知県半田市,60代,1,8.0
愛知県名古屋市中区,20代,3,5.0
愛知県名古屋市中区,30代,5,6.2
愛知県名古屋市中区,40代,3,5.666666666666667
愛知県名古屋市中区,60代,2,7.0
愛知県名古屋市中川区,20代,2,4.5
愛知県名古屋市中川区,30代,4,5.5
愛知県名古屋市中川区,60代,2,7.0
愛知県名古屋市中川区,70歳以上,1,5.0
愛知県名古屋市中村区,20代,2,4.5
愛知県名古屋市中村区,30代,7,5.714285714285714
愛知県名古屋市中村区,40代,3,5.666666666666667
愛知県名古屋市中村区,60代,4,6.5
愛知県名古屋市北区,20代,2,5.5
愛知県名古屋市北区,30代,1,7.0
愛知県名古屋市北区,40代,1,6.0
愛知県名古屋市北区,60代,2,7.0
愛知県名古屋市北区,70歳以上,1,9.0
愛知県名古屋市千種区,20代,2,5.5
愛知県名古屋市千種区,30代,5,5.6
愛知県名古屋市千種区,40代,4,5.5
愛知県名古屋市千種区,50代,1,6.0
愛知県名古屋市千種区,60代,3,6.666666666666667
愛知県名古屋市南区,20代,1,6.0
愛知県名古屋市南区,30代,3,5.333333333333333
愛知県名古屋市南区,40代,2,4.5
愛知県名古屋市南区,50代,1,8.0
愛知県名古屋市南区,60代,1,8.0
愛知県名古屋市南区,70歳以上,1,4.0
愛知県名古屋市名東区,20代,1,6.0
愛知県名古屋市名東区,30代,4,6.0
愛知県名古屋市名東区,40代,2,6.5
愛知県名古屋市名東区,60代,3,6.666666666666667
愛知県名古屋市天白区,20代,1,6.0
愛知県名古屋市天白区,30代,6,5.833333333333333
愛知県名古屋市天白区,40代,3,6.0
愛知県名古屋市天白区,50代,1,5.0
愛知県名古屋市天白区,60代,3,6.666666666666667
愛知県名古屋市守山区,20代,3,5.666666666666667
愛知県名古屋市守山区,30代,4,5.75
愛知県名古屋市守山区,40代,2,6.0
愛知県名古屋市守山区,60代,2,7.0
愛知県名古屋市守山区,70歳以上,1,9.0
愛知県名古屋市昭和区,20代,1,6.0
愛知県名古屋市昭和区,30代,1,5.0
愛知県名古屋市昭和区,40代,3,5.666666666666667
愛知県名古屋市昭和区,60代,1,8.0
愛知県名古屋市昭和区,70歳以上,1,8.0
愛知県名古屋市東区,20代,1,6.0
愛知県名古屋市東区,30代,4,5.75
愛知県名古屋市東区,40代,1,7.0
愛知県名古屋市東区,50代,1,5.0
愛知県名古屋市東区,60代,1,8.0
愛知県名古屋市港区,20代,1,6.0
愛知県名古屋市港区,30代,5,5.4
愛知県名古屋市港区,40代,2,6.0
愛知県名古屋市港区,50代,1,6.0
愛知県名古屋市港区,60代,1,8.0
愛知県名古屋市熱田区,20代,2,6.0
愛知県名古屋市熱田区,30代,1,6.0
愛知県名古屋市熱田区,50代,1,6.0
愛知県名古屋市熱田区,60代,2,7.0
愛知県名古屋市熱田区,70歳以上,1,8.0
愛知県名古屋市瑞穂区,30代,5,5.6
愛知県名古屋市瑞穂区,40代,1,5.0
愛知県名古屋市瑞穂区,60代,4,6.0
愛知県名古屋市緑区,20代,1,6.0
愛知県名古屋市緑区,30代,7,5.571428571428571
愛知県名古屋市緑区,40代,4,5.25
愛知県名古屋市緑区,60代,2,7.0
愛知県名古屋市緑区,70歳以上,1,9.0
愛知県名古屋市西区,20代,1,6.0
愛知県名古屋市西区,30代,4,5.5
愛知県名古屋市西区,40代,1,6.0
愛知県名古屋市西区,60代,2,7.0
愛知県名古屋市西区,70歳以上,1,5.0
愛知県大府市,20代,1,6.0
愛知県大府市,30代,1,5.0
愛知県大府市,60代,2,7.0
愛知県安城市,20代,1,6.0
愛知県安城市,30代,1,5.0
愛知県安城市,50代,1,5.0
愛知県安城市,60代,1,8.0
愛知県小牧市,20代,1,6.0
愛知県小牧市,30代,2,4.0
愛知県小牧市,40代,1,6.0
愛知県小牧市,60代,2,7.0
愛知県尾張旭市,20代,2,4.5
愛知県尾張旭市,30代,1,5.0
愛知県尾張旭市,60代,1,8.0
愛知県岡崎市,20代,1,6.0
愛知県岡崎市,30代,1,5.0
愛知県岡崎市,60代,1,8.0
愛知県岩倉市,20代,1,6.0
愛知県岩倉市,60代,1,6.0
愛知県岩倉市,70歳以上,1,9.0
愛知県常滑市,30代,1,3.0
愛知県常滑市,40代,1,5.0
愛知県常滑市,60代,1,8.0
愛知県弥富市,60代,1,8.0
愛知県愛知郡東郷町,20代,1,6.0
愛知県愛知郡東郷町,30代,1,5.0
愛知県愛知郡東郷町,50代,1,8.0
愛知県愛西市,20代,1,6.0
愛知県愛西市,60代,2,7.0
愛知県新城市,50代,1,8.0
愛知県日進市,20代,1,6.0
愛知県日進市,30代,1,5.0
愛知県日進市,60代,1,8.0
愛知県春日井市,20代,2,4.0
愛知県春日井市,30代,3,5.0
愛知県春日井市,60代,2,7.0
愛知県東海市,20代,1,6.0
愛知県東海市,50代,1,5.0
愛知県東海市,60代,1,8.0
愛知県江南市,20代,1,6.0
愛知県江南市,30代,1,5.0
愛知県江南市,60代,2,7.0
愛知県江南市,70歳以上,1,9.0
愛知県津島市,20代,1,6.0
愛知県津島市,30代,2,5.5
愛知県海部郡大治町,20代,1,6.0
愛知県海部郡大治町,60代,2,7.0
愛知県海部郡蟹江町,30代,1,5.0
愛知県海部郡蟹江町,60代,1,8.0
愛知県清須市,20代,1,6.0
愛知県清須市,30代,1,5.0
愛知県清須市,60代,1,8.0
愛知県瀬戸市,20代,2,4.5
愛知県瀬戸市,30代,2,5.0
愛知県瀬戸市,50代,1,8.0
愛知県瀬戸市,60代,2,7.0
愛知県犬山市,20代,2,5.0
愛知県犬山市,30代,1,5.0
愛知県犬山市,60代,2,7.0
愛知県知多市,20代,1,6.0
愛知県知多市,40代,1,5.0
愛知県知多市,60代,1,8.0
愛知県知多郡東浦町,60代,2,7.0
愛知県知多郡武豊町,20代,1,6.0
愛知県知多郡阿久比町,30代,1,5.0
愛知県知多郡阿久比町,60代,1,8.0
愛知県知立市,20代,1,5.0
愛知県知立市,50代,1,8.0
愛知県知立市,60代,1,6.0
愛知県碧南市,40代,1,5.0
愛知県稲沢市,20代,1,6.0
愛知県稲沢市,30代,2,5.0
愛知県稲沢市,60代,1,8.0
愛知県蒲郡市,20代,1,6.0
愛知県西尾市,20代,1,6.0
愛知県西尾市,30代,1,5.0
愛知県西尾市,60代,1,8.0
愛知県西春日井郡豊山町,20代,1,6.0
愛知県西春日井郡豊山町,60代,2,7.0
愛知県豊川市,20代,1,6.0
愛知県豊川市,30代,1,5.0
愛知県豊川市,60代,1,8.0
愛知県豊明市,20代,1,6.0
愛知県豊明市,30代,2,6.0
愛知県豊明市,50代,1,5.0
愛知県豊明市,60代,1,8.0
愛知県豊橋市,20代,3,4.666666666666667
愛知県豊橋市,30代,1,3.0
愛知県豊橋市,40代,1,5.0
愛知県豊橋市,60代,1,8.0
愛知県豊田市,20代,2,4.5
愛知県豊田市,50代,2,6.5
愛知県豊田市,60代,2,7.0
愛知県長久手市,20代,1,6.0
愛知県長久手市,60代,1,8.0
愛知県額田郡幸田町,20代,1,6.0
愛知県額田郡幸田町,60代,1,8.0
愛知県高浜市,30代,1,4.0
愛知県高浜市,60代,1,8.0
新潟県,40代,1,6.0
新潟県,60代,1,6.0
新潟県三条市,60代,1,6.0
新潟県上越市,20代,1,4.0
新潟県五泉市,20代,1,6.0
新潟県佐渡市,60代,1,6.0
新潟県南魚沼市,60代,1,6.0
新潟県妙高市,60代,1,6.0
新潟県新潟市中央区,20代,1,6.0
新潟県新潟市中央区,60代,1,6.0
新潟県新潟市北区,60代,1,6.0
新潟県新潟市江南区,20代,1,6.0
新潟県新潟市江南区,60代,1,6.0
新潟県新潟市江南区,70歳以上,1,6.0
新潟県新潟市秋葉区,20代,1,6.0
新潟県新発田市,30代,1,5.0
新潟県村上市,60代,1,6.0
新潟県長岡市,70歳以上,1,6.0
東京都,20代,7,3.7142857142857144
東京都,30代,7,5.0
東京都,40代,5,5.8
東京都,50代,4,5.5
東京都,60代,3,6.333333333333333
東京都あきる野市,20代,1,6.0
東京都あきる野市,30代,2,5.5
東京都あきる野市,60代,2,6.0
東京都あきる野市,70歳以上,1,6.0
東京都三鷹市,20代,2,6.0
東京都三鷹市,30代,6,5.333333333333333
東京都三鷹市,50代,2,5.0
東京都三鷹市,60代,2,6.0
東京都世田谷区,20代,4,6.25
東京都世田谷区,30代,8,5.25
東京都世田谷区,40代,3,5.333333333333333
東京都世田谷区,50代,7,6.0
東京都世田谷区,60代,2,6.0
東京都世田谷区,70歳以上,2,6.0
東京都中央区,20代,2,6.0
東京都中央区,30代,3,5.0
東京都中央区,40代,5,5.4
東京都中央区,50代,1,6.0
東京都中央区,60代,2,6.0
東京都中央区,70歳以上,1,6.0
東京都中野区,20代,2,4.5
東京都中野区,30代,3,5.0
東京都中野区,40代,2,4.5
東京都中野区,50代,3,6.333333333333333
東京都中野区,60代,3,6.0
東京都八王子市,20代,4,5.25
東京都八王子市,30代,4,5.0
東京都八王子市,40代,1,5.0
東京都八王子市,50代,2,6.0
東京都八王子市,60代,2,6.0
東京都八王子市,70歳以上,1,6.0
東京都北区,20代,2,6.0
東京都北区,30代,4,5.0
東京都北区,40代,3,6.0
東京都北区,50代,2,5.5
東京都北区,60代,4,5.25
東京都千代田区,20代,4,5.5
東京都千代田区,30代,5,5.8
東京都千代田区,40代,4,5.25
東京都千代田区,50代,1,6.0
東京都千代田区,60代,3,6.0
東京都台東区,20代,3,5.666666666666667
東京都台東区,30代,3,5.333333333333333
東京都台東区,40代,1,6.0
東京都台東区,50代,1,7.0
東京都台東区,60代,4,6.25
東京都台東区,70歳以上,2,6.0
東京都品川区,20代,4,6.25
東京都品川区,30代,7,5.285714285714286
東京都品川区,40代,4,5.75
東京都品川区,50代,2,7.0
東京都品川区,60代,2,6.0
東京都品川区,70歳以上,2,5.5
東京都国分寺市,20代,2,6.0
東京都国分寺市,30代,3,5.333333333333333
東京都国分寺市,40代,1,6.0
東京都国分寺市,60代,1,5.0
東京都国立市,20代,2,4.0
東京都国立市,30代,2,5.0
東京都国立市,40代,1,6.0
東京都国立市,60代,1,5.0
東京都墨田区,20代,3,5.666666666666667
東京都墨田区,30代,4,6.0
東京都墨田区,50代,2,7.0
東京都墨田区,60代,2,6.0
東京都多摩市,20代,2,5.5
東京都多摩市,30代,4,4.75
東京都多摩市,50代,1,8.0
東京都多摩市,60代,2,6.0
東京都多摩市,70歳以上,2,6.0
東京都大田区,20代,3,5.333333333333333
東京都大田区,30代,6,5.833333333333333
東京都大田区,40代,5,5.4
東京都大田区,50代,3,5.666666666666667
東京都大田区,60代,6,6.5
東京都大田区,70歳以上,3,5.333333333333333
東京都小平市,20代,1,6.0
東京都小平市,30代,1,5.0
東京都小平市,40代,1,5.0
東京都小平市,60代,5,5.6
東京都小金井市,20代,2,6.0
東京都小金井市,30代,3,5.333333333333333
東京都府中市,20代,3,5.666666666666667
東京都府中市,30代,3,5.333333333333333
東京都府中市,50代,1,7.0
東京都府中市,60代,2,5.5
東京都府中市,70歳以上,1,6.0
東京都文京区,20代,3,5.666666666666667
東京都文京区,30代,5,5.0
東京都文京区,40代,3,5.0
東京都文京区,50代,4,6.5
東京都文京区,60代,6,6.333333333333333
東京都文京区,70歳以上,2,6.0
東京都新宿区,20代,4,6.0
東京都新宿区,30代,5,5.8
東京都新宿区,40代,3,5.333333333333333
東京都新宿区,50代,4,6.25
東京都新宿区,60代,4,6.25
東京都新宿区,70歳以上,2,5.5
東京都日野市,20代,3,5.666666666666667
東京都日野市,30代,2,5.0
東京都日野市,40代,2,6.5
東京都昭島市,20代,1,6.0
東京都昭島市,30代,3,5.666666666666667
東京都昭島市,40代,1,6.0
東京都杉並区,20代,5,6.0
東京都杉並区,30代,7,5.571428571428571
東京都杉並区,40代,3,5.333333333333333
東京都杉並区,50代,4,6.25
東京都杉並区,60代,5,6.6
東京都東久留米市,20代,2,5.5
東京都東久留米市,30代,3,6.0
東京都東久留米市,60代,2,6.0
東京都東大和市,20代,2,6.0
東京都東大和市,40代,1,5.0
東京都東大和市,50代,1,8.0
東京都東村山市,20代,2,6.0
東京都東村山市,30代,1,5.0
東京都東村山市,60代,3,5.333333333333333
東京都板橋区,20代,4,5.0
東京都板橋区,30代,6,5.5
東京都板橋区,40代,4,5.75
東京都板橋区,50代,2,6.5
東京都板橋区,60代,3,6.0
東京都板橋区,70歳以上,3,5.333333333333333
東京都武蔵村山市,70歳以上,1,6.0
東京都武蔵野市,20代,2,5.5
東京都武蔵野市,30代,2,5.0
東京都武蔵野市,40代,1,6.0
東京都武蔵野市,60代,1,6.0
東京都武蔵野市,70歳以上,1,9.0
東京都江戸川区,20代,3,6.333333333333333
東京都江戸川区,30代,4,5.0
東京都江戸川区,40代,4,6.0
東京都江戸川区,50代,1,7.0
東京都江戸川区,60代,5,5.8
東京都江東区,20代,2,6.0
東京都江東区,30代,7,5.285714285714286
東京都江東区,40代,2,5.5
東京都江東区,50代,2,6.5
東京都江東区,60代,2,6.5
東京都江東区,70歳以上,2,7.5
東京都清瀬市,20代,1,6.0
東京都清瀬市,30代,1,5.0
東京都渋谷区,20代,4,5.5
東京都渋谷区,30代,8,5.5
東京都渋谷区,40代,6,5.666666666666667
東京都渋谷区,50代,6,6.666666666666667
東京都渋谷区,60代,3,6.333333333333333
東京都渋谷区,70歳以上,3,6.0
東京都港区,20代,5,5.8
東京都港区,30代,6,5.333333333333333
東京都港区,40代,5,5.4
東京都港区,50代,3,7.0
東京都港区,60代,4,6.25
東京都港区,70歳以上,1,9.0
東京都狛江市,20代,1,6.0
東京都狛江市,30代,2,5.0
東京都狛江市,60代,1,6.0
東京都町田市,20代,4,5.0
東京都町田市,30代,5,5.6
東京都町田市,40代,2,6.0
東京都町田市,50代,2,7.5
東京都町田市,60代,3,6.0
東京都町田市,70歳以上,2,5.5
東京都目黒区,20代,4,6.0
東京都目黒区,30代,7,5.714285714285714
東京都目黒区,40代,1,5.0
東京都目黒区,50代,4,6.25
東京都目黒区,60代,2,6.0
東京都神津島村,30代,1,5.0
東京都福生市,30代,3,5.333333333333333
東京都稲城市,20代,1,6.0
東京都立川市,20代,2,6.0
東京都立川市,30代,3,5.0
東京都立川市,40代,4,5.0
東京都練馬区,20代,4,4.75
東京都練馬区,30代,9,5.444444444444445
東京都練馬区,40代,2,3.5
東京都練馬区,50代,2,5.0
東京都練馬区,60代,4,5.75
東京都練馬区,70歳以上,3,7.0
東京都羽村市,20代,1,6.0
東京都羽村市,60代,1,6.0
東京都荒川区,20代,3,6.333333333333333
東京都荒川区,30代,5,5.4
東京都荒川区,40代,1,4.0
東京都荒川区,50代,1,6.0
東京都荒川区,60代,1,6.0
東京都荒川区,70歳以上,1,6.0
東京都葛飾区,20代,3,5.666666666666667
東京都葛飾区,30代,4,5.75
東京都葛飾区,40代,1,6.0
東京都葛飾区,50代,1,4.0
東京都葛飾区,60代,4,5.75
東京都葛飾区,70歳以上,1,6.0
東京都西多摩郡日の出町,30代,1,5.0
東京都西多摩郡日の出町,70歳以上,1,6.0
東京都西多摩郡檜原村,30代,1,6.0
東京都西多摩郡檜原村,50代,1,5.0
東京都西多摩郡瑞穂町,20代,2,6.0
東京都西多摩郡瑞穂町,30代,4,5.5
東京都西東京市,20代,1,6.0
東京都西東京市,30代,3,5.0
東京都西東京市,40代,2,4.0
東京都西東京市,50代,1,6.0
東京都西東京市,60代,2,6.0
東京都西東京市,70歳以上,1,9.0
東京都調布市,20代,2,6.0
東京都調布市,30代,2,5.0
東京都調布市,40代,3,6.0
東京都調布市,50代,2,7.0
東京都調布市,60代,2,6.0
東京都豊島区,20代,2,5.5
東京都豊島区,30代,5,6.0
東京都豊島区,40代,3,5.0
東京都豊島区,60代,2,6.0
東京都豊島区,70歳以上,2,6.5
東京都足立区,20代,2,6.0
東京都足立区,30代,5,5.6
東京都足立区,40代,2,4.5
東京都足立区,50代,3,7.333333333333333
東京都足立区,60代,5,6.6
東京都足立区,70歳以上,1,6.0
東京都青梅市,30代,5,5.4
東京都青梅市,60代,1,6.0
栃木県,30代,1,5.0
栃木県,40代,2,6.0
栃木県,60代,2,7.0
栃木県佐野市,60代,2,6.0
栃木県大田原市,30代,1,5.0
栃木県大田原市,60代,1,6.0
栃木県宇都宮市,30代,2,5.0
栃木県宇都宮市,40代,1,6.0
栃木県宇都宮市,60代,2,6.0
栃木県宇都宮市,70歳以上,1,6.0
栃木県小山市,20代,1,3.0
栃木県小山市,30代,2,5.0
栃木県小山市,40代,1,4.0
栃木県小山市,60代,1,6.0
栃木県小山市,70歳以上,1,6.0
栃木県日光市,60代,1,6.0
栃木県日光市,70歳以上,1,6.0
栃木県栃木市,30代,1,5.0
栃木県栃木市,40代,1,5.0
栃木県栃木市,60代,1,6.0
栃木県真岡市,60代,2,6.0
栃木県矢板市,60代,1,6.0
栃木県足利市,20代,1,5.0
栃木県足利市,30代,1,3.0
栃木県足利市,40代,1,6.0
栃木県足利市,60代,2,6.0
栃木県那須塩原市,30代,1,5.0
栃木県那須塩原市,50代,1,8.0
栃木県那須烏山市,60代,1,6.0
栃木県鹿沼市,60代,2,6.0
沖縄県,20代,1,5.0
沖縄県,30代,1,5.0
沖縄県,40代,1,6.0
沖縄県,50代,2,5.0
沖縄県,60代,1,7.0
沖縄県うるま市,20代,1,6.0
沖縄県うるま市,30代,1,5.0
沖縄県うるま市,50代,1,6.0
沖縄県中頭郡北谷町,30代,1,5.0
沖縄県南城市,20代,2,4.0
沖縄県南城市,60代,1,7.0
沖縄県名護市,20代,1,6.0
沖縄県名護市,40代,1,6.0
沖縄県国頭郡宜野座村,30代,1,5.0
沖縄県国頭郡本部町,20代,1,6.0
沖縄県宜野湾市,20代,1,6.0
沖縄県宜野湾市,30代,1,5.0
沖縄県宜野湾市,50代,1,8.0
沖縄県宮古島市,20代,1,6.0
沖縄県島尻郡伊是名村,60代,1,5.0
沖縄県沖縄市,20代,2,5.5
沖縄県沖縄市,30代,2,5.0
沖縄県沖縄市,60代,1,6.0
沖縄県浦添市,20代,1,6.0
沖縄県石垣市,20代,1,6.0
沖縄県石垣市,50代,1,6.0
沖縄県那覇市,20代,1,6.0
沖縄県那覇市,30代,1,5.0
沖縄県那覇市,40代,1,6.0
沖縄県那覇市,60代,3,6.333333333333333
滋賀県,20代,7,4.714285714285714
滋賀県,30代,9,5.222222222222222
滋賀県,40代,21,5.142857142857143
滋賀県,50代,14,5.071428571428571
滋賀県,60代,5,5.6
滋賀県大津市,20代,44,4.363636363636363
滋賀県大津市,30代,63,4.936507936507937
滋賀県大津市,40代,77,4.961038961038961
滋賀県大津市,50代,91,4.813186813186813
滋賀県大津市,60代,55,5.181818181818182
滋賀県大津市,70歳以上,13,5.230769230769231
滋賀県守山市,20代,10,5.8
滋賀県守山市,30代,13,5.384615384615385
滋賀県守山市,40代,17,5.647058823529412
滋賀県守山市,50代,26,5.615384615384615
滋賀県守山市,60代,8,6.25
滋賀県守山市,70歳以上,3,6.0
滋賀県彦根市,20代,7,5.142857142857143
滋賀県彦根市,30代,6,4.0
滋賀県彦根市,40代,8,5.0
滋賀県彦根市,50代,6,5.166666666666667
滋賀県彦根市,60代,4,6.5
滋賀県彦根市,70歳以上,2,4.0
滋賀県愛知郡愛荘町,30代,1,4.0
滋賀県愛知郡愛荘町,60代,1,5.0
滋賀県東近江市,20代,5,5.2
滋賀県東近江市,30代,4,4.5
滋賀県東近江市,40代,4,5.25
滋賀県東近江市,60代,1,5.0
滋賀県東近江市,70歳以上,2,8.0
滋賀県栗東市,20代,10,5.0
滋賀県栗東市,30代,14,5.785714285714286
滋賀県栗東市,40代,20,5.5
滋賀県栗東市,50代,17,5.470588235294118
滋賀県栗東市,60代,9,6.333333333333333
滋賀県栗東市,70歳以上,5,5.8
滋賀県湖南市,20代,3,5.666666666666667
滋賀県湖南市,30代,3,5.333333333333333
滋賀県湖南市,40代,4,5.75
滋賀県湖南市,50代,6,5.333333333333333
滋賀県湖南市,60代,5,6.2
滋賀県湖南市,70歳以上,1,5.0
滋賀県甲賀市,20代,5,5.8
滋賀県甲賀市,30代,2,5.5
滋賀県甲賀市,40代,2,6.5
滋賀県甲賀市,50代,3,5.666666666666667
滋賀県甲賀市,60代,6,5.333333333333333
滋賀県甲賀市,70歳以上,2,6.5
滋賀県米原市,40代,2,5.5
滋賀県米原市,60代,2,5.0
滋賀県草津市,20代,17,5.0588235294117645
滋賀県草津市,30代,31,5.258064516129032
滋賀県草津市,40代,38,5.473684210526316
滋賀県草津市,50代,49,5.244897959183674
滋賀県草津市,60代,20,5.55
滋賀県草津市,70歳以上,6,5.333333333333333
滋賀県蒲生郡日野町,20代,2,5.5
滋賀県蒲生郡日野町,30代,1,7.0
滋賀県蒲生郡日野町,40代,1,6.0
滋賀県蒲生郡日野町,50代,1,6.0
滋賀県蒲生郡日野町,60代,2,6.0
滋賀県蒲生郡日野町,70歳以上,1,5.0
滋賀県蒲生郡竜王町,20代,1,6.0
滋賀県蒲生郡竜王町,40代,1,6.0
滋賀県蒲生郡竜王町,50代,1,5.0
滋賀県蒲生郡竜王町,60代,2,4.0
滋賀県近江八幡市,20代,2,7.0
滋賀県近江八幡市,30代,4,5.5
滋賀県近江八幡市,40代,7,5.285714285714286
滋賀県近江八幡市,50代,2,5.5
滋賀県近江八幡市,60代,3,6.0
滋賀県近江八幡市,70歳以上,1,5.0
滋賀県野洲市,20代,7,5.714285714285714
滋賀県野洲市,30代,9,5.333333333333333
滋賀県野洲市,40代,8,5.625
滋賀県野洲市,50代,12,5.5
滋賀県野洲市,60代,3,5.333333333333333
滋賀県野洲市,70歳以上,2,8.0
滋賀県長浜市,20代,1,6.0
滋賀県長浜市,30代,6,4.5
滋賀県長浜市,40代,6,4.666666666666667
滋賀県長浜市,50代,1,4.0
滋賀県長浜市,60代,2,6.5
滋賀県長浜市,70歳以上,1,7.0
滋賀県高島市,30代,2,7.0
滋賀県高島市,40代,1,4.0
滋賀県高島市,50代,2,3.0
滋賀県高島市,60代,2,6.0
滋賀県高島市,70歳以上,2,7.5
熊本県,20代,1,5.0
熊本県,40代,1,6.0
熊本県,50代,1,6.0
熊本県合志市,20代,2,5.5
熊本県天草市,20代,2,5.5
熊本県水俣市,20代,1,6.0
熊本県水俣市,60代,1,4.0
熊本県熊本市中央区,20代,3,5.666666666666667
熊本県熊本市中央区,30代,1,7.0
熊本県熊本市北区,20代,3,5.666666666666667
熊本県熊本市南区,20代,4,5.5
熊本県熊本市東区,20代,3,5.333333333333333
熊本県熊本市西区,20代,3,5.666666666666667
熊本県菊池市,20代,1,5.0
熊本県菊池郡菊陽町,20代,1,6.0
熊本県葦北郡津奈木町,60代,1,4.0
石川県,20代,1,4.0
石川県,30代,1,5.0
石川県,40代,1,6.0
石川県,50代,1,4.0
石川県かほく市,30代,1,5.0
石川県かほく市,50代,1,6.0
石川県七尾市,30代,1,5.0
石川県七尾市,40代,1,3.0
石川県加賀市,30代,1,5.0
石川県加賀市,50代,1,5.0
石川県加賀市,60代,1,6.0
石川県小松市,30代,1,5.0
石川県小松市,50代,1,5.0
石川県河北郡内灘町,30代,1,5.0
石川県河北郡内灘町,50代,1,6.0
石川県河北郡津幡町,30代,1,5.0
石川県河北郡津幡町,50代,1,6.0
石川県白山市,30代,1,5.0
石川県白山市,50代,2,6.5
石川県能美市,30代,1,5.0
石川県能美市,50代,1,5.0
石川県野々市市,30代,1,5.0
石川県野々市市,50代,1,6.0
石川県野々市市,70歳以上,1,9.0
石川県金沢市,20代,1,6.0
石川県金沢市,30代,1,5.0
石川県金沢市,40代,1,7.0
石川県金沢市,50代,3,6.0
石川県金沢市,60代,1,6.0
神奈川県,20代,4,4.0
神奈川県,30代,6,4.666666666666667
神奈川県,40代,6,5.5
神奈川県,50代,2,6.0
神奈川県,60代,2,5.5
神奈川県三浦市,20代,1,6.0
神奈川県三浦郡葉山町,40代,1,6.0
神奈川県三浦郡葉山町,50代,1,6.0
神奈川県中郡二宮町,40代,2,6.0
神奈川県中郡二宮町,70歳以上,1,6.0
神奈川県中郡大磯町,20代,1,6.0
神奈川県伊勢原市,20代,1,6.0
神奈川県伊勢原市,30代,2,5.0
神奈川県伊勢原市,50代,2,7.5
神奈川県南足柄市,40代,2,5.5
神奈川県南足柄市,50代,1,8.0
神奈川県厚木市,20代,3,4.666666666666667
神奈川県厚木市,30代,1,5.0
神奈川県厚木市,40代,2,5.0
神奈川県厚木市,50代,1,8.0
神奈川県厚木市,60代,1,6.0
神奈川県厚木市,70歳以上,1,6.0
神奈川県大和市,20代,3,6.333333333333333
神奈川県大和市,30代,3,5.0
神奈川県大和市,40代,3,5.333333333333333
神奈川県大和市,50代,1,8.0
神奈川県大和市,60代,3,7.0
神奈川県大和市,70歳以上,1,6.0
神奈川県小田原市,30代,1,5.0
神奈川県小田原市,40代,3,5.666666666666667
神奈川県小田原市,50代,1,8.0
神奈川県小田原市,60代,1,6.0
神奈川県小田原市,70歳以上,1,6.0
神奈川県川崎市中原区,20代,1,6.0
神奈川県川崎市中原区,30代,4,6.25
神奈川県川崎市中原区,40代,1,4.0
神奈川県川崎市中原区,50代,3,6.333333333333333
神奈川県川崎市中原区,60代,2,6.0
神奈川県川崎市中原区,70歳以上,1,6.0
神奈川県川崎市多摩区,20代,2,6.0
神奈川県川崎市多摩区,30代,3,6.0
神奈川県川崎市多摩区,40代,1,6.0
神奈川県川崎市多摩区,50代,2,6.5
神奈川県川崎市多摩区,60代,3,6.0
神奈川県川崎市多摩区,70歳以上,1,6.0
神奈川県川崎市宮前区,20代,3,5.666666666666667
神奈川県川崎市宮前区,30代,4,6.25
神奈川県川崎市宮前区,40代,3,6.0
神奈川県川崎市宮前区,50代,1,8.0
神奈川県川崎市宮前区,60代,2,5.5
神奈川県川崎市宮前区,70歳以上,3,5.666666666666667
神奈川県川崎市川崎区,20代,2,6.0
神奈川県川崎市川崎区,30代,5,5.6
神奈川県川崎市川崎区,40代,5,5.6
神奈川県川崎市川崎区,50代,2,7.0
神奈川県川崎市川崎区,60代,3,6.0
神奈川県川崎市川崎区,70歳以上,1,6.0
神奈川県川崎市幸区,20代,1,6.0
神奈川県川崎市幸区,30代,4,6.0
神奈川県川崎市幸区,40代,2,5.5
神奈川県川崎市幸区,50代,1,6.0
神奈川県川崎市幸区,60代,2,6.0
神奈川県川崎市幸区,70歳以上,1,6.0
神奈川県川崎市高津区,20代,1,6.0
神奈川県川崎市高津区,30代,1,6.0
神奈川県川崎市高津区,40代,1,6.0
神奈川県川崎市高津区,50代,1,8.0
神奈川県川崎市高津区,60代,3,5.666666666666667
神奈川県川崎市高津区,70歳以上,1,6.0
神奈川県川崎市麻生区,20代,2,6.0
神奈川県川崎市麻生区,30代,3,6.0
神奈川県川崎市麻生区,40代,1,6.0
神奈川県川崎市麻生区,50代,1,8.0
神奈川県川崎市麻生区,60代,1,6.0
神奈川県平塚市,20代,3,6.0
神奈川県平塚市,30代,3,6.0
神奈川県平塚市,40代,1,6.0
神奈川県平塚市,50代,1,8.0
神奈川県平塚市,60代,1,6.0
神奈川県平塚市,70歳以上,1,6.0
神奈川県座間市,30代,2,5.0
神奈川県座間市,40代,1,4.0
神奈川県座間市,50代,1,8.0
神奈川県座間市,60代,1,6.0
神奈川県座間市,70歳以上,1,6.0
神奈川県愛甲郡愛川町,40代,1,6.0
神奈川県愛甲郡愛川町,50代,1,8.0
神奈川県横浜市中区,20代,3,5.666666666666667
神奈川県横浜市中区,30代,6,4.833333333333333
神奈川県横浜市中区,40代,3,5.333333333333333
神奈川県横浜市中区,50代,2,7.0
神奈川県横浜市中区,60代,2,6.5
神奈川県横浜市中区,70歳以上,1,6.0
神奈川県横浜市保土ケ谷区,20代,2,6.0
神奈川県横浜市保土ケ谷区,30代,3,5.0
神奈川県横浜市保土ケ谷区,40代,3,6.333333333333333
神奈川県横浜市保土ケ谷区,50代,2,8.0
神奈川県横浜市保土ケ谷区,60代,1,6.0
神奈川県横浜市南区,20代,3,5.666666666666667
神奈川県横浜市南区,30代,6,5.333333333333333
神奈川県横浜市南区,40代,3,6.333333333333333
神奈川県横浜市南区,50代,3,7.0
神奈川県横浜市南区,60代,4,6.25
神奈川県横浜市南区,70歳以上,1,6.0
神奈川県横浜市戸塚区,20代,1,6.0
神奈川県横浜市戸塚区,30代,4,5.0
神奈川県横浜市戸塚区,40代,3,6.333333333333333
神奈川県横浜市戸塚区,50代,1,8.0
神奈川県横浜市戸塚区,60代,4,6.25
神奈川県横浜市戸塚区,70歳以上,2,4.0
神奈川県横浜市旭区,20代,3,5.0
神奈川県横浜市旭区,30代,1,5.0
神奈川県横浜市旭区,40代,1,7.0
神奈川県横浜市旭区,50代,3,6.333333333333333
神奈川県横浜市旭区,60代,1,6.0
神奈川県横浜市旭区,70歳以上,1,3.0
神奈川県横浜市栄区,20代,3,5.666666666666667
神奈川県横浜市栄区,30代,2,5.0
神奈川県横浜市栄区,40代,1,7.0
神奈川県横浜市栄区,50代,1,8.0
神奈川県横浜市栄区,60代,1,7.0
神奈川県横浜市栄区,70歳以上,1,9.0
神奈川県横浜市泉区,20代,1,6.0
神奈川県横浜市泉区,30代,1,5.0
神奈川県横浜市泉区,40代,2,6.0
神奈川県横浜市泉区,50代,2,7.0
神奈川県横浜市泉区,70歳以上,2,5.5
神奈川県横浜市港北区,20代,2,6.0
神奈川県横浜市港北区,30代,9,5.666666666666667
神奈川県横浜市港北区,40代,3,6.666666666666667
神奈川県横浜市港北区,50代,5,6.4
神奈川県横浜市港北区,60代,2,6.0
神奈川県横浜市港北区,70歳以上,1,6.0
神奈川県横浜市港南区,20代,2,5.0
神奈川県横浜市港南区,30代,2,5.0
神奈川県横浜市港南区,40代,2,5.5
神奈川県横浜市港南区,50代,1,8.0
神奈川県横浜市港南区,60代,1,6.0
神奈川県横浜市瀬谷区,20代,1,6.0
神奈川県横浜市瀬谷区,30代,3,5.0
神奈川県横浜市瀬谷区,50代,1,8.0
神奈川県横浜市瀬谷区,60代,1,6.0
神奈川県横浜市瀬谷区,70歳以上,1,6.0
神奈川県横浜市磯子区,30代,2,5.5
神奈川県横浜市磯子区,40代,3,5.333333333333333
神奈川県横浜市磯子区,50代,1,8.0
神奈川県横浜市磯子区,60代,1,6.0
神奈川県横浜市神奈川区,20代,2,6.0
神奈川県横浜市神奈川区,30代,5,6.0
神奈川県横浜市神奈川区,50代,1,6.0
神奈川県横浜市神奈川区,60代,2,6.0
神奈川県横浜市神奈川区,70歳以上,2,7.5
神奈川県横浜市緑区,20代,6,4.833333333333333
神奈川県横浜市緑区,30代,4,5.25
神奈川県横浜市緑区,40代,3,5.666666666666667
神奈川県横浜市緑区,60代,6,6.833333333333333
神奈川県横浜市西区,20代,3,5.666666666666667
神奈川県横浜市西区,30代,4,5.25
神奈川県横浜市西区,40代,2,6.0
神奈川県横浜市西区,50代,2,6.5
神奈川県横浜市西区,60代,1,6.0
神奈川県横浜市都筑区,20代,2,6.0
神奈川県横浜市都筑区,30代,4,5.5
神奈川県横浜市都筑区,40代,4,5.5
神奈川県横浜市都筑区,50代,1,8.0
神奈川県横浜市都筑区,60代,3,6.0
神奈川県横浜市都筑区,70歳以上,1,6.0
神奈川県横浜市金沢区,20代,2,5.5
神奈川県横浜市金沢区,30代,3,5.333333333333333
神奈川県横浜市金沢区,40代,1,6.0
神奈川県横浜市金沢区,50代,1,8.0
神奈川県横浜市金沢区,60代,1,6.0
神奈川県横浜市青葉区,20代,5,5.2
神奈川県横浜市青葉区,30代,6,5.666666666666667
神奈川県横浜市青葉区,40代,3,5.0
神奈川県横浜市青葉区,50代,4,5.5
神奈川県横浜市青葉区,60代,3,6.0
神奈川県横浜市青葉区,70歳以上,1,6.0
神奈川県横浜市鶴見区,20代,2,6.0
神奈川県横浜市鶴見区,30代,4,5.25
神奈川県横浜市鶴見区,40代,2,4.5
神奈川県横浜市鶴見区,50代,3,7.333333333333333
神奈川県横浜市鶴見区,60代,2,6.0
神奈川県横浜市鶴見区,70歳以上,1,6.0
神奈川県横須賀市,20代,3,5.666666666666667
神奈川県横須賀市,30代,2,5.0
神奈川県横須賀市,40代,1,6.0
神奈川県横須賀市,50代,3,5.0
神奈川県横須賀市,60代,3,7.0
神奈川県横須賀市,70歳以上,1,6.0
神奈川県海老名市,20代,1,3.0
神奈川県海老名市,30代,3,4.666666666666667
神奈川県海老名市,50代,1,8.0
神奈川県海老名市,60代,2,7.5
神奈川県海老名市,70歳以上,1,6.0
神奈川県相模原市中央区,20代,2,6.0
神奈川県相模原市中央区,30代,2,5.0
神奈川県相模原市中央区,40代,3,5.666666666666667
神奈川県相模原市中央区,50代,1,8.0
神奈川県相模原市中央区,60代,2,6.0
神奈川県相模原市中央区,70歳以上,1,6.0
神奈川県相模原市南区,20代,3,5.0
神奈川県相模原市南区,30代,2,5.0
神奈川県相模原市南区,40代,5,5.6
神奈川県相模原市南区,50代,2,7.0
神奈川県相模原市南区,60代,1,6.0
神奈川県相模原市緑区,20代,1,6.0
神奈川県相模原市緑区,30代,3,5.0
神奈川県相模原市緑区,40代,3,6.0
神奈川県相模原市緑区,60代,1,6.0
神奈川県秦野市,30代,2,5.0
神奈川県秦野市,40代,5,6.0
神奈川県秦野市,60代,1,6.0
神奈川県綾瀬市,30代,2,5.0
神奈川県綾瀬市,40代,1,6.0
神奈川県綾瀬市,50代,1,8.0
神奈川県茅ヶ崎市,20代,3,6.0
神奈川県茅ヶ崎市,30代,2,5.0
神奈川県茅ヶ崎市,40代,3,5.666666666666667
神奈川県茅ヶ崎市,50代,3,7.0
神奈川県茅ヶ崎市,60代,2,6.0
神奈川県茅ヶ崎市,70歳以上,1,6.0
神奈川県藤沢市,20代,5,5.4
神奈川県藤沢市,30代,3,5.0
神奈川県藤沢市,40代,4,5.75
神奈川県藤沢市,50代,2,8.0
神奈川県藤沢市,60代,3,6.333333333333333
神奈川県藤沢市,70歳以上,1,6.0
神奈川県足柄上郡開成町,20代,1,6.0
神奈川県足柄上郡開成町,30代,1,5.0
神奈川県足柄上郡開成町,40代,2,5.0
神奈川県足柄下郡湯河原町,40代,1,7.0
神奈川県足柄下郡箱根町,20代,1,6.0
神奈川県足柄下郡箱根町,30代,1,5.0
神奈川県逗子市,30代,1,5.0
神奈川県逗子市,50代,2,7.0
神奈川県鎌倉市,20代,4,6.0
神奈川県鎌倉市,30代,4,4.75
神奈川県鎌倉市,40代,3,6.0
神奈川県鎌倉市,50代,3,7.0
神奈川県鎌倉市,60代,2,6.0
神奈川県鎌倉市,70歳以上,1,9.0
神奈川県高座郡寒川町,50代,1,8.0
福井県,30代,1,4.0
福井県,40代,2,6.0
福井県,50代,1,4.0
福井県三方上中郡若狭町,30代,1,4.0
福井県三方上中郡若狭町,40代,1,6.0
福井県三方上中郡若狭町,50代,1,6.0
福井県三方郡美浜町,40代,1,6.0
福井県勝山市,50代,1,6.0
福井県大野市,50代,1,6.0
福井県大飯郡おおい町,30代,1,5.0
福井県大飯郡おおい町,40代,3,5.666666666666667
福井県大飯郡おおい町,50代,2,6.0
福井県大飯郡高浜町,20代,3,3.6666666666666665
福井県大飯郡高浜町,30代,7,4.0
福井県大飯郡高浜町,40代,8,5.0
福井県大飯郡高浜町,50代,3,5.0
福井県大飯郡高浜町,60代,1,4.0
福井県小浜市,30代,1,4.0
福井県小浜市,40代,1,6.0
福井県小浜市,50代,3,4.333333333333333
福井県小浜市,60代,1,4.0
福井県小浜市,70歳以上,1,3.0
福井県敦賀市,20代,1,2.0
福井県敦賀市,30代,1,4.0
福井県福井市,20代,1,6.0
福井県福井市,70歳以上,1,9.0
福井県越前市,20代,3,5.333333333333333
福井県越前市,40代,1,4.0
福井県鯖江市,20代,1,6.0
福岡県,20代,2,5.0
福岡県,30代,2,5.5
福岡県,40代,4,6.0
福岡県,50代,2,5.5
福岡県うきは市,20代,1,6.0
福岡県中間市,50代,1,7.0
福岡県中間市,70歳以上,1,9.0
福岡県久留米市,20代,2,6.0
福岡県久留米市,30代,1,8.0
福岡県久留米市,40代,1,6.0
福岡県北九州市八幡東区,20代,2,5.5
福岡県北九州市八幡西区,20代,2,5.5
福岡県北九州市八幡西区,50代,1,7.0
福岡県北九州市小倉北区,20代,1,6.0
福岡県北九州市小倉北区,50代,1,7.0
福岡県北九州市小倉南区,20代,1,6.0
福岡県北九州市若松区,20代,1,6.0
福岡県古賀市,20代,2,6.0
福岡県古賀市,30代,1,8.0
福岡県古賀市,50代,1,7.0
福岡県大牟田市,20代,1,5.0
福岡県大野城市,20代,1,6.0
福岡県大野城市,30代,2,7.0
福岡県大野城市,50代,1,7.0
福岡県太宰府市,20代,1,6.0
福岡県太宰府市,30代,1,6.0
福岡県小郡市,20代,1,6.0
福岡県小郡市,30代,1,6.0
福岡県春日市,20代,2,5.5
福岡県春日市,30代,2,7.0
福岡県春日市,40代,1,6.0
福岡県春日市,50代,1,7.0
福岡県朝倉市,20代,2,6.0
福岡県朝倉市,30代,1,8.0
福岡県朝倉市,40代,1,6.0
福岡県朝倉市,50代,1,7.0
福岡県朝倉郡筑前町,20代,1,6.0
福岡県柳川市,50代,2,7.5
福岡県直方市,20代,1,6.0
福岡県直方市,50代,1,7.0
福岡県福岡市中央区,20代,3,5.333333333333333
福岡県福岡市中央区,30代,2,7.0
福岡県福岡市中央区,40代,1,6.0
福岡県福岡市中央区,50代,2,7.0
福岡県福岡市中央区,70歳以上,2,5.0
福岡県福岡市南区,20代,1,6.0
福岡県福岡市南区,30代,3,6.666666666666667
福岡県福岡市南区,40代,1,6.0
福岡県福岡市南区,50代,2,7.5
福岡県福岡市南区,60代,2,6.0
福岡県福岡市南区,70歳以上,2,5.0
福岡県福岡市博多区,20代,1,6.0
福岡県福岡市博多区,30代,4,6.5
福岡県福岡市博多区,40代,2,6.0
福岡県福岡市博多区,50代,2,6.0
福岡県福岡市博多区,60代,1,5.0
福岡県福岡市城南区,20代,2,5.5
福岡県福岡市城南区,30代,1,8.0
福岡県福岡市城南区,70歳以上,2,5.0
福岡県福岡市早良区,20代,3,5.333333333333333
福岡県福岡市早良区,30代,3,6.666666666666667
福岡県福岡市早良区,40代,2,5.0
福岡県福岡市早良区,50代,2,7.0
福岡県福岡市早良区,70歳以上,2,5.0
福岡県福岡市東区,20代,2,6.0
福岡県福岡市東区,30代,3,6.666666666666667
福岡県福岡市東区,40代,1,6.0
福岡県福岡市東区,50代,3,6.666666666666667
福岡県福岡市東区,60代,2,4.0
福岡県福岡市西区,20代,2,5.5
福岡県福岡市西区,30代,1,8.0
福岡県福岡市西区,50代,2,7.0
福岡県福岡市西区,70歳以上,2,5.0
福岡県福津市,20代,1,6.0
福岡県福津市,30代,1,8.0
福岡県福津市,70歳以上,1,9.0
福岡県筑後市,20代,1,5.0
福岡県筑紫郡那珂川町,20代,1,6.0
福岡県筑紫野市,30代,2,7.0
福岡県筑紫野市,50代,1,7.0
福岡県築上郡築上町,60代,1,5.0
福岡県糟屋郡宇美町,20代,1,6.0
福岡県糟屋郡宇美町,60代,1,6.0
福岡県糟屋郡志免町,30代,1,6.0
福岡県糟屋郡志免町,50代,1,5.0
福岡県糟屋郡新宮町,20代,1,6.0
福岡県糟屋郡粕屋町,20代,1,6.0
福岡県糟屋郡粕屋町,30代,1,8.0
福岡県糟屋郡粕屋町,50代,1,5.0
福岡県糟屋郡須惠町,30代,1,8.0
福岡県糟屋郡須惠町,60代,1,5.0
福岡県糸島市,20代,1,6.0
福岡県糸島市,50代,1,7.0
福岡県糸島市,70歳以上,1,5.0
福岡県豊前市,40代,1,6.0
福岡県遠賀郡岡垣町,20代,1,6.0
福岡県遠賀郡遠賀町,20代,1,6.0
福岡県那珂川市,20代,1,6.0
福岡県那珂川市,30代,1,6.0
福岡県那珂川市,50代,1,7.0
福岡県那珂川市,60代,1,5.0
福岡県那珂川市,70歳以上,1,5.0
福岡県鞍手郡鞍手町,60代,1,6.0
福岡県鞍手郡鞍手町,70歳以上,1,9.0
福岡県飯塚市,50代,1,7.0
福島県,40代,2,6.0
福島県,60代,1,6.0
福島県いわき市,60代,1,6.0
福島県伊達市,60代,1,6.0
福島県会津若松市,70歳以上,1,6.0
福島県福島市,30代,1,5.0
福島県福島市,60代,2,6.0
福島県西白河郡矢吹町,70歳以上,1,6.0
福島県郡山市,20代,2,6.0
福島県郡山市,30代,1,5.0
福島県郡山市,70歳以上,1,6.0
福島県須賀川市,50代,1,8.0
福島県須賀川市,70歳以上,1,6.0
秋田県,30代,1,5.0
秋田県,40代,2,6.0
秋田県,60代,1,6.0
秋田県仙北郡美郷町,50代,1,4.0
秋田県大仙市,20代,1,6.0
秋田県大館市,20代,1,6.0
秋田県秋田市,30代,1,5.0
秋田県能代市,20代,1,6.0
秋田県雄勝郡羽後町,20代,1,6.0
群馬県,30代,1,5.0
群馬県,40代,1,6.0
群馬県,60代,1,6.0
群馬県みどり市,60代,1,5.0
群馬県伊勢崎市,20代,2,5.5
群馬県伊勢崎市,50代,2,5.0
群馬県伊勢崎市,60代,1,6.0
群馬県佐波郡玉村町,40代,1,6.0
群馬県佐波郡玉村町,50代,1,5.0
群馬県佐波郡玉村町,60代,1,6.0
群馬県前橋市,20代,2,5.5
群馬県前橋市,30代,2,5.0
群馬県前橋市,40代,1,6.0
群馬県前橋市,50代,1,5.0
群馬県前橋市,60代,1,6.0
群馬県北群馬郡吉岡町,60代,1,6.0
群馬県北群馬郡榛東村,60代,1,6.0
群馬県太田市,20代,1,6.0
群馬県太田市,40代,1,6.0
群馬県太田市,50代,1,5.0
群馬県太田市,60代,3,6.0
群馬県太田市,70歳以上,1,5.0
群馬県安中市,20代,1,5.0
群馬県安中市,60代,1,6.0
群馬県安中市,70歳以上,1,9.0
群馬県富岡市,60代,1,6.0
群馬県桐生市,50代,1,5.0
群馬県桐生市,60代,2,5.5
群馬県沼田市,60代,1,6.0
群馬県渋川市,30代,1,5.0
群馬県渋川市,60代,1,6.0
群馬県藤岡市,20代,1,6.0
群馬県藤岡市,60代,1,6.0
群馬県邑楽郡大泉町,40代,1,6.0
群馬県邑楽郡大泉町,50代,1,5.0
群馬県邑楽郡大泉町,60代,1,6.0
群馬県邑楽郡邑楽町,40代,1,6.0
群馬県高崎市,20代,2,6.0
群馬県高崎市,30代,1,5.0
群馬県高崎市,40代,1,6.0
群馬県高崎市,60代,2,6.0
茨城県,30代,1,5.0
茨城県,40代,2,5.5
茨城県,50代,1,6.0
茨城県,60代,2,7.0
茨城県つくばみらい市,70歳以上,1,6.0
茨城県つくば市,20代,1,6.0
茨城県つくば市,30代,1,5.0
茨城県つくば市,50代,2,6.5
茨城県つくば市,60代,3,6.0
茨城県つくば市,70歳以上,1,6.0
茨城県ひたちなか市,20代,1,6.0
茨城県ひたちなか市,30代,1,5.0
茨城県ひたちなか市,60代,2,6.0
茨城県ひたちなか市,70歳以上,1,6.0
茨城県北相馬郡利根町,30代,1,5.0
茨城県北相馬郡利根町,60代,1,6.0
茨城県取手市,20代,1,6.0
茨城県取手市,50代,1,6.0
茨城県取手市,60代,2,6.0
茨城県取手市,70歳以上,1,6.0
茨城県古河市,40代,1,6.0
茨城県古河市,60代,1,6.0
茨城県土浦市,20代,2,5.5
茨城県土浦市,30代,2,5.0
茨城県土浦市,50代,1,6.0
茨城県土浦市,60代,2,6.0
茨城県土浦市,70歳以上,1,6.0
茨城県坂東市,30代,1,5.0
茨城県守谷市,20代,1,6.0
茨城県守谷市,30代,1,5.0
茨城県守谷市,50代,2,6.5
茨城県守谷市,70歳以上,1,6.0
茨城県小美玉市,30代,2,5.0
茨城県小美玉市,60代,1,6.0
茨城県常総市,20代,1,6.0
茨城県常総市,60代,1,6.0
茨城県常陸大宮市,60代,1,6.0
茨城県常陸太田市,60代,1,6.0
茨城県日立市,20代,1,5.0
茨城県日立市,60代,2,6.0
茨城県日立市,70歳以上,1,6.0
茨城県桜川市,60代,2,6.0
茨城県水戸市,30代,2,5.0
茨城県水戸市,60代,3,6.0
茨城県潮来市,60代,1,6.0
茨城県牛久市,20代,1,6.0
茨城県牛久市,60代,2,6.0
茨城県牛久市,70歳以上,1,6.0
茨城県石岡市,60代,1,6.0
茨城県神栖市,20代,1,5.0
茨城県神栖市,60代,2,6.0
茨城県稲敷市,50代,1,7.0
茨城県稲敷市,60代,1,3.0
茨城県稲敷郡美浦村,20代,1,6.0
茨城県稲敷郡美浦村,60代,1,6.0
茨城県稲敷郡阿見町,20代,1,6.0
茨城県稲敷郡阿見町,30代,1,5.0
茨城県稲敷郡阿見町,70歳以上,1,6.0
茨城県笠間市,60代,1,6.0
茨城県筑西市,20代,1,6.0
茨城県筑西市,50代,1,7.0
茨城県結城市,20代,1,5.0
茨城県結城市,30代,2,5.0
茨城県結城市,50代,1,8.0
茨城県結城市,60代,1,6.0
茨城県結城郡八千代町,60代,1,6.0
茨城県結城郡八千代町,70歳以上,1,4.0
茨城県行方市,20代,1,6.0
茨城県那珂市,20代,1,6.0
茨城県那珂市,60代,1,6.0
茨城県那珂郡東海村,60代,1,6.0
茨城県高萩市,20代,1,5.0
茨城県鹿嶋市,20代,1,6.0
茨城県鹿嶋市,60代,1,6.0
茨城県龍ケ崎市,60代,1,6.0
長崎県,20代,1,5.0
長崎県,40代,1,6.0
長崎県佐世保市,50代,1,7.0
長崎県佐世保市,60代,1,6.0
長崎県南島原市,20代,1,4.0
長崎県大村市,50代,1,7.0
長崎県対馬市,50代,2,7.0
長崎県島原市,20代,1,4.0
長崎県松浦市,50代,1,7.0
長崎県長崎市,40代,2,5.5
長崎県長崎市,50代,1,7.0
長崎県長崎市,60代,1,6.0
長野県,30代,1,5.0
長野県,40代,1,6.0
長野県,60代,1,6.0
長野県佐久市,40代,1,6.0
長野県佐久市,70歳以上,1,8.0
長野県北佐久郡軽井沢町,20代,1,6.0
長野県千曲市,60代,1,6.0
長野県塩尻市,60代,1,6.0
長野県大町市,60代,1,6.0
長野県小諸市,40代,1,6.0
長野県小諸市,70歳以上,1,8.0
長野県松本市,30代,1,5.0
長野県松本市,60代,2,6.0
長野県松本市,70歳以上,1,8.0
長野県諏訪市,20代,1,6.0
長野県長野市,20代,1,6.0
長野県長野市,30代,2,3.5
長野県長野市,40代,1,6.0
長野県長野市,50代,1,8.0
長野県長野市,60代,1,6.0
長野県長野市,70歳以上,1,8.0
長野県飯田市,20代,1,6.0
青森県,40代,2,6.0
青森県,60代,1,6.0
青森県三沢市,20代,1,3.0
青森県上北郡東北町,30代,1,5.0
青森県八戸市,50代,1,7.0
青森県八戸市,60代,1,6.0
青森県青森市,60代,1,6.0
青森県黒石市,60代,1,6.0
静岡県,20代,2,3.5
静岡県,40代,4,5.75
静岡県,60代,1,6.0
静岡県三島市,20代,1,6.0
静岡県伊東市,50代,1,3.0
静岡県伊東市,60代,1,6.0
静岡県伊豆の国市,60代,1,6.0
静岡県富士宮市,20代,2,5.0
静岡県富士宮市,50代,1,6.0
静岡県富士宮市,60代,2,7.0
静岡県富士市,20代,1,6.0
静岡県富士市,40代,2,4.0
静岡県富士市,60代,3,6.666666666666667
静岡県島田市,20代,1,6.0
静岡県御前崎市,20代,1,5.0
静岡県御殿場市,60代,1,6.0
静岡県掛川市,30代,1,7.0
静岡県掛川市,60代,1,6.0
静岡県沼津市,20代,1,6.0
静岡県沼津市,30代,1,5.0
静岡県浜松市中区,20代,2,4.5
静岡県浜松市中区,60代,2,7.0
静岡県浜松市中央区,20代,1,3.0
静岡県浜松市中央区,60代,1,8.0
静岡県浜松市北区,60代,1,8.0
静岡県浜松市東区,20代,1,6.0
静岡県浜松市東区,60代,1,8.0
静岡県浜松市浜北区,40代,1,4.0
静岡県浜松市浜名区,20代,1,6.0
静岡県浜松市浜名区,60代,1,8.0
静岡県浜松市西区,20代,1,6.0
静岡県浜松市西区,60代,1,8.0
静岡県湖西市,60代,1,8.0
静岡県焼津市,60代,1,6.0
静岡県熱海市,50代,1,7.0
静岡県田方郡函南町,60代,1,6.0
静岡県磐田市,20代,1,6.0
静岡県磐田市,60代,2,7.0
静岡県藤枝市,20代,1,6.0
静岡県袋井市,60代,1,6.0
静岡県裾野市,40代,1,5.0
静岡県裾野市,60代,1,6.0
静岡県賀茂郡南伊豆町,20代,1,6.0
静岡県賀茂郡東伊豆町,60代,1,6.0
静岡県賀茂郡西伊豆町,20代,1,6.0
静岡県静岡市清水区,20代,1,6.0
静岡県静岡市清水区,50代,1,6.0
静岡県静岡市清水区,60代,1,6.0
静岡県静岡市葵区,20代,2,4.5
静岡県静岡市葵区,30代,1,5.0
静岡県静岡市葵区,60代,3,6.666666666666667
静岡県静岡市駿河区,20代,2,4.5
静岡県静岡市駿河区,30代,1,5.0
静岡県静岡市駿河区,60代,3,6.666666666666667
静岡県静岡市駿河区,70歳以上,1,9.0
香川県,20代,1,6.0
香川県,30代,1,5.0
香川県,40代,2,6.0
香川県丸亀市,30代,1,8.0
香川県丸亀市,40代,1,6.0
香川県仲多度郡多度津町,30代,1,8.0
香川県小豆郡小豆島町,20代,1,6.0
香川県小豆郡小豆島町,40代,1,6.0
香川県木田郡三木町,20代,1,6.0
香川県木田郡三木町,40代,1,6.0
香川県高松市,20代,3,6.0
香川県高松市,40代,3,5.666666666666667
香川県高松市,60代,1,3.0
高知県,40代,2,6.0
高知県香南市,40代,1,4.0
高知県香美市,30代,1,8.0
高知県高知市,20代,3,4.666666666666667
高知県高知市,40代,2,5.0
鳥取県,40代,2,6.0
鳥取県鳥取市,20代,2,4.5
鳥取県鳥取市,60代,1,5.0
鹿児島県,20代,1,5.0
鹿児島県,40代,1,6.0
鹿児島県,50代,1,6.0
鹿児島県いちき串木野市,30代,1,4.0
鹿児島県出水市,60代,1,4.0
鹿児島県南九州市,30代,1,4.0
鹿児島県奄美市,50代,1,2.0
鹿児島県姶良市,30代,1,4.0
鹿児島県姶良市,60代,1,9.0
鹿児島県指宿市,20代,1,4.0
鹿児島県日置市,20代,1,7.0
鹿児島県日置市,30代,1,4.0
鹿児島県肝属郡錦江町,50代,1,8.0
鹿児島県霧島市,20代,1,6.0
鹿児島県霧島市,30代,1,4.0
鹿児島県鹿児島市,20代,1,6.0
鹿児島県鹿児島市,30代,2,4.5
鹿児島県鹿児島市,40代,1,4.0
鹿児島県鹿児島市,50代,1,5.0
鹿児島県鹿児島市,60代,2,7.5
鹿児島県鹿屋市,20代,1,3.0
