location,prefecture,municipality,age_group,gender,count,avg_desired_areas,avg_qualifications,national_license_rate
三重県伊賀市,三重県,伊賀市,20代,男性,1,4.0,3.0,0.0
三重県伊賀市,三重県,伊賀市,40代,男性,1,2.0,6.0,0.0
三重県伊賀市,三重県,伊賀市,50代,男性,1,14.0,3.0,0.0
三重県伊賀市,三重県,伊賀市,60代,女性,1,19.0,1.0,0.0
三重県多気郡多気町,三重県,多気郡多気町,40代,男性,1,15.0,1.0,0.0
三重県志摩市,三重県,志摩市,30代,男性,1,1.0,1.0,0.0
三重県松阪市,三重県,松阪市,20代,女性,1,18.0,0.0,0.0
三重県松阪市,三重県,松阪市,50代,女性,1,3.0,0.0,0.0
三重県松阪市,三重県,松阪市,60代,女性,1,2.0,1.0,0.0
三重県桑名市,三重県,桑名市,40代,女性,1,5.0,4.0,0.0
三重県津市,三重県,津市,40代,男性,1,2.0,2.0,0.0
三重県鳥羽市,三重県,鳥羽市,30代,女性,1,176.0,1.0,0.0
京都府与謝郡与謝野町,京都府,与謝郡与謝野町,20代,女性,4,1.5,2.0,0.0
京都府与謝郡与謝野町,京都府,与謝郡与謝野町,20代,男性,2,1.0,0.0,0.0
京都府与謝郡与謝野町,京都府,与謝郡与謝野町,30代,女性,1,1.0,3.0,0.0
京都府与謝郡与謝野町,京都府,与謝郡与謝野町,30代,男性,3,1.3333333333333333,2.0,0.0
京都府与謝郡与謝野町,京都府,与謝郡与謝野町,40代,女性,4,1.25,2.0,0.0
京都府与謝郡与謝野町,京都府,与謝郡与謝野町,40代,男性,2,1.5,1.0,0.0
京都府与謝郡与謝野町,京都府,与謝郡与謝野町,50代,女性,5,1.2,1.2,0.0
京都府与謝郡与謝野町,京都府,与謝郡与謝野町,50代,男性,2,1.0,0.5,0.0
京都府与謝郡与謝野町,京都府,与謝郡与謝野町,60代,女性,3,2.0,2.0,0.0
京都府与謝郡与謝野町,京都府,与謝郡与謝野町,70歳以上,女性,2,1.0,2.0,0.0
京都府与謝郡与謝野町,京都府,与謝郡与謝野町,70歳以上,男性,1,1.0,0.0,0.0
京都府与謝郡伊根町,京都府,与謝郡伊根町,20代,女性,1,1.0,0.0,0.0
京都府与謝郡伊根町,京都府,与謝郡伊根町,60代,男性,1,1.0,2.0,0.0
京都府久世郡久御山町,京都府,久世郡久御山町,20代,女性,1,1.0,0.0,0.0
京都府久世郡久御山町,京都府,久世郡久御山町,20代,男性,5,1.6,1.0,0.0
京都府久世郡久御山町,京都府,久世郡久御山町,30代,女性,1,5.0,2.0,0.0
京都府久世郡久御山町,京都府,久世郡久御山町,30代,男性,2,1.0,1.0,0.0
京都府久世郡久御山町,京都府,久世郡久御山町,40代,女性,9,1.3333333333333333,1.5555555555555556,0.0
京都府久世郡久御山町,京都府,久世郡久御山町,40代,男性,1,2.0,0.0,0.0
京都府久世郡久御山町,京都府,久世郡久御山町,50代,女性,6,2.0,1.8333333333333333,0.0
京都府久世郡久御山町,京都府,久世郡久御山町,50代,男性,1,1.0,1.0,0.0
京都府久世郡久御山町,京都府,久世郡久御山町,60代,女性,4,2.75,2.0,0.0
京都府久世郡久御山町,京都府,久世郡久御山町,60代,男性,2,0.5,0.0,0.0
京都府久世郡久御山町,京都府,久世郡久御山町,70歳以上,男性,2,1.5,0.5,0.0
京都府乙訓郡大山崎町,京都府,乙訓郡大山崎町,20代,女性,3,1.3333333333333333,0.3333333333333333,0.0
京都府乙訓郡大山崎町,京都府,乙訓郡大山崎町,20代,男性,4,1.5,1.0,0.0
京都府乙訓郡大山崎町,京都府,乙訓郡大山崎町,30代,女性,3,1.6666666666666667,0.3333333333333333,0.0
京都府乙訓郡大山崎町,京都府,乙訓郡大山崎町,40代,女性,10,2.1,1.4,0.0
京都府乙訓郡大山崎町,京都府,乙訓郡大山崎町,40代,男性,6,3.5,1.5,0.0
京都府乙訓郡大山崎町,京都府,乙訓郡大山崎町,50代,女性,14,3.2857142857142856,2.0714285714285716,0.07142857142857142
京都府乙訓郡大山崎町,京都府,乙訓郡大山崎町,50代,男性,3,4.0,4.0,0.0
京都府乙訓郡大山崎町,京都府,乙訓郡大山崎町,60代,女性,6,3.1666666666666665,0.8333333333333334,0.0
京都府乙訓郡大山崎町,京都府,乙訓郡大山崎町,70歳以上,女性,1,1.0,0.0,0.0
京都府乙訓郡大山崎町,京都府,乙訓郡大山崎町,70歳以上,男性,1,1.0,0.0,0.0
京都府亀岡市,京都府,亀岡市,20代,女性,23,1.4782608695652173,0.6521739130434783,0.043478260869565216
京都府亀岡市,京都府,亀岡市,20代,男性,19,1.7894736842105263,0.5263157894736842,0.0
京都府亀岡市,京都府,亀岡市,30代,女性,25,1.96,1.48,0.08
京都府亀岡市,京都府,亀岡市,30代,男性,11,2.5454545454545454,1.5454545454545454,0.0
京都府亀岡市,京都府,亀岡市,40代,女性,48,1.7083333333333333,1.125,0.0
京都府亀岡市,京都府,亀岡市,40代,男性,13,2.1538461538461537,2.3846153846153846,0.0
京都府亀岡市,京都府,亀岡市,50代,女性,58,2.7413793103448274,1.5172413793103448,0.0
京都府亀岡市,京都府,亀岡市,50代,男性,10,3.3,1.1,0.0
京都府亀岡市,京都府,亀岡市,60代,女性,36,1.9166666666666667,1.1944444444444444,0.027777777777777776
京都府亀岡市,京都府,亀岡市,60代,男性,17,2.588235294117647,0.8235294117647058,0.0
京都府亀岡市,京都府,亀岡市,70歳以上,女性,9,2.0,1.4444444444444444,0.0
京都府亀岡市,京都府,亀岡市,70歳以上,男性,6,1.1666666666666667,0.5,0.0
京都府京丹後市,京都府,京丹後市,20代,女性,10,1.1,0.6,0.0
京都府京丹後市,京都府,京丹後市,20代,男性,3,1.3333333333333333,1.0,0.0
京都府京丹後市,京都府,京丹後市,30代,女性,4,0.75,0.5,0.0
京都府京丹後市,京都府,京丹後市,30代,男性,3,1.0,0.6666666666666666,0.0
京都府京丹後市,京都府,京丹後市,40代,女性,4,1.25,0.75,0.0
京都府京丹後市,京都府,京丹後市,50代,女性,17,1.3529411764705883,0.9411764705882353,0.058823529411764705
京都府京丹後市,京都府,京丹後市,50代,男性,3,1.0,0.3333333333333333,0.0
京都府京丹後市,京都府,京丹後市,60代,女性,7,2.0,1.2857142857142858,0.0
京都府京丹後市,京都府,京丹後市,60代,男性,2,2.0,1.0,0.0
京都府京田辺市,京都府,京田辺市,20代,女性,23,2.130434782608696,0.8695652173913043,0.043478260869565216
京都府京田辺市,京都府,京田辺市,20代,男性,10,1.6,1.2,0.0
京都府京田辺市,京都府,京田辺市,30代,女性,7,2.7142857142857144,1.5714285714285714,0.0
京都府京田辺市,京都府,京田辺市,30代,男性,7,1.2857142857142858,1.0,0.0
京都府京田辺市,京都府,京田辺市,40代,女性,21,2.5714285714285716,1.6666666666666667,0.0
京都府京田辺市,京都府,京田辺市,40代,男性,11,4.454545454545454,1.6363636363636365,0.0
京都府京田辺市,京都府,京田辺市,50代,女性,27,2.0,1.0740740740740742,0.0
京都府京田辺市,京都府,京田辺市,50代,男性,10,6.4,2.7,0.0
京都府京田辺市,京都府,京田辺市,60代,女性,17,2.764705882352941,2.2941176470588234,0.0
京都府京田辺市,京都府,京田辺市,60代,男性,7,5.0,1.8571428571428572,0.0
京都府京田辺市,京都府,京田辺市,70歳以上,女性,4,2.25,0.75,0.0
京都府京田辺市,京都府,京田辺市,70歳以上,男性,5,1.4,0.0,0.0
京都府京都市上京区,京都府,京都市上京区,20代,女性,8,1.625,0.625,0.0
京都府京都市上京区,京都府,京都市上京区,20代,男性,12,1.25,0.16666666666666666,0.0
京都府京都市上京区,京都府,京都市上京区,30代,女性,11,2.1818181818181817,1.5454545454545454,0.0
京都府京都市上京区,京都府,京都市上京区,30代,男性,13,3.5384615384615383,1.0,0.0
京都府京都市上京区,京都府,京都市上京区,40代,女性,19,2.0526315789473686,1.4210526315789473,0.05263157894736842
京都府京都市上京区,京都府,京都市上京区,40代,男性,7,6.0,2.142857142857143,0.0
京都府京都市上京区,京都府,京都市上京区,50代,女性,20,2.4,1.45,0.05
京都府京都市上京区,京都府,京都市上京区,50代,男性,9,1.6666666666666667,0.7777777777777778,0.0
京都府京都市上京区,京都府,京都市上京区,60代,女性,17,2.2941176470588234,1.3529411764705883,0.0
京都府京都市上京区,京都府,京都市上京区,60代,男性,5,2.4,1.8,0.0
京都府京都市上京区,京都府,京都市上京区,70歳以上,女性,9,1.6666666666666667,1.2222222222222223,0.0
京都府京都市上京区,京都府,京都市上京区,70歳以上,男性,3,1.6666666666666667,0.3333333333333333,0.0
京都府京都市下京区,京都府,京都市下京区,20代,女性,21,2.5238095238095237,0.9523809523809523,0.047619047619047616
京都府京都市下京区,京都府,京都市下京区,20代,男性,7,1.4285714285714286,0.8571428571428571,0.0
京都府京都市下京区,京都府,京都市下京区,30代,女性,17,2.1176470588235294,1.0588235294117647,0.0
京都府京都市下京区,京都府,京都市下京区,30代,男性,18,1.7777777777777777,1.6666666666666667,0.0
京都府京都市下京区,京都府,京都市下京区,40代,女性,14,1.9285714285714286,0.5714285714285714,0.0
京都府京都市下京区,京都府,京都市下京区,40代,男性,8,1.5,1.625,0.0
京都府京都市下京区,京都府,京都市下京区,50代,女性,36,3.1666666666666665,1.8055555555555556,0.0
京都府京都市下京区,京都府,京都市下京区,50代,男性,7,2.5714285714285716,0.8571428571428571,0.0
京都府京都市下京区,京都府,京都市下京区,60代,女性,18,2.5,1.3888888888888888,0.0
京都府京都市下京区,京都府,京都市下京区,60代,男性,5,2.4,1.0,0.0
京都府京都市下京区,京都府,京都市下京区,70歳以上,女性,5,3.6,1.4,0.0
京都府京都市下京区,京都府,京都市下京区,70歳以上,男性,5,1.4,1.0,0.0
京都府京都市中京区,京都府,京都市中京区,20代,女性,16,2.9375,0.6875,0.0
京都府京都市中京区,京都府,京都市中京区,20代,男性,17,2.0588235294117645,0.7647058823529411,0.0
京都府京都市中京区,京都府,京都市中京区,30代,女性,19,2.6842105263157894,1.3157894736842106,0.0
京都府京都市中京区,京都府,京都市中京区,30代,男性,11,2.6363636363636362,1.7272727272727273,0.09090909090909091
京都府京都市中京区,京都府,京都市中京区,40代,女性,24,3.0833333333333335,1.5416666666666667,0.08333333333333333
京都府京都市中京区,京都府,京都市中京区,40代,男性,20,2.55,0.35,0.0
京都府京都市中京区,京都府,京都市中京区,50代,女性,25,2.28,1.68,0.0
京都府京都市中京区,京都府,京都市中京区,50代,男性,9,2.2222222222222223,0.5555555555555556,0.0
京都府京都市中京区,京都府,京都市中京区,60代,女性,18,1.7777777777777777,1.2777777777777777,0.05555555555555555
京都府京都市中京区,京都府,京都市中京区,60代,男性,7,1.5714285714285714,0.5714285714285714,0.0
京都府京都市中京区,京都府,京都市中京区,70歳以上,女性,4,2.0,0.75,0.0
京都府京都市中京区,京都府,京都市中京区,70歳以上,男性,7,1.8571428571428572,1.7142857142857142,0.0
京都府京都市伏見区,京都府,京都市伏見区,20代,女性,99,1.7878787878787878,0.7878787878787878,0.020202020202020204
京都府京都市伏見区,京都府,京都市伏見区,20代,男性,50,2.14,1.02,0.02
京都府京都市伏見区,京都府,京都市伏見区,30代,女性,94,2.3085106382978724,1.5425531914893618,0.02127659574468085
京都府京都市伏見区,京都府,京都市伏見区,30代,男性,50,3.26,1.42,0.0
京都府京都市伏見区,京都府,京都市伏見区,40代,女性,119,2.310924369747899,1.5294117647058822,0.01680672268907563
京都府京都市伏見区,京都府,京都市伏見区,40代,男性,51,2.549019607843137,1.7647058823529411,0.058823529411764705
京都府京都市伏見区,京都府,京都市伏見区,50代,女性,188,2.3297872340425534,1.3563829787234043,0.0
京都府京都市伏見区,京都府,京都市伏見区,50代,男性,66,2.3333333333333335,1.5757575757575757,0.045454545454545456
京都府京都市伏見区,京都府,京都市伏見区,60代,女性,139,2.446043165467626,1.3093525179856116,0.02158273381294964
京都府京都市伏見区,京都府,京都市伏見区,60代,男性,53,2.830188679245283,1.2641509433962264,0.0
京都府京都市伏見区,京都府,京都市伏見区,70歳以上,女性,26,2.1153846153846154,1.0769230769230769,0.0
京都府京都市伏見区,京都府,京都市伏見区,70歳以上,男性,26,2.230769230769231,1.0769230769230769,0.038461538461538464
京都府京都市北区,京都府,京都市北区,20代,女性,41,1.7317073170731707,0.5853658536585366,0.0
京都府京都市北区,京都府,京都市北区,20代,男性,24,1.8333333333333333,0.7916666666666666,0.0
京都府京都市北区,京都府,京都市北区,30代,女性,22,1.9090909090909092,1.1363636363636365,0.0
京都府京都市北区,京都府,京都市北区,30代,男性,15,1.7333333333333334,1.5333333333333334,0.0
京都府京都市北区,京都府,京都市北区,40代,女性,33,2.0303030303030303,1.7272727272727273,0.0
京都府京都市北区,京都府,京都市北区,40代,男性,17,3.1176470588235294,2.1176470588235294,0.0
京都府京都市北区,京都府,京都市北区,50代,女性,45,2.022222222222222,1.0666666666666667,0.0
京都府京都市北区,京都府,京都市北区,50代,男性,12,2.5,0.75,0.0
京都府京都市北区,京都府,京都市北区,60代,女性,27,2.259259259259259,1.4814814814814814,0.037037037037037035
京都府京都市北区,京都府,京都市北区,60代,男性,17,2.764705882352941,1.5294117647058822,0.0
京都府京都市北区,京都府,京都市北区,70歳以上,女性,11,1.1818181818181819,0.8181818181818182,0.0
京都府京都市北区,京都府,京都市北区,70歳以上,男性,4,2.25,1.25,0.0
京都府京都市南区,京都府,京都市南区,20代,女性,35,1.9142857142857144,0.6857142857142857,0.0
京都府京都市南区,京都府,京都市南区,20代,男性,10,2.0,1.2,0.1
京都府京都市南区,京都府,京都市南区,30代,女性,25,2.52,1.36,0.04
京都府京都市南区,京都府,京都市南区,30代,男性,16,5.3125,1.25,0.0
京都府京都市南区,京都府,京都市南区,40代,女性,46,2.608695652173913,1.3478260869565217,0.043478260869565216
京都府京都市南区,京都府,京都市南区,40代,男性,15,2.6,1.4,0.0
京都府京都市南区,京都府,京都市南区,50代,女性,55,2.5636363636363635,1.6181818181818182,0.03636363636363636
京都府京都市南区,京都府,京都市南区,50代,男性,16,2.375,1.4375,0.0
京都府京都市南区,京都府,京都市南区,60代,女性,38,1.9210526315789473,1.4736842105263157,0.02631578947368421
京都府京都市南区,京都府,京都市南区,60代,男性,9,1.3333333333333333,0.3333333333333333,0.1111111111111111
京都府京都市南区,京都府,京都市南区,70歳以上,女性,7,1.5714285714285714,0.7142857142857143,0.14285714285714285
京都府京都市南区,京都府,京都市南区,70歳以上,男性,4,1.0,0.0,0.0
京都府京都市右京区,京都府,京都市右京区,20代,女性,68,2.0441176470588234,0.6323529411764706,0.014705882352941176
京都府京都市右京区,京都府,京都市右京区,20代,男性,20,1.35,0.45,0.0
京都府京都市右京区,京都府,京都市右京区,30代,女性,49,1.6734693877551021,1.1428571428571428,0.0
京都府京都市右京区,京都府,京都市右京区,30代,男性,47,2.8297872340425534,1.574468085106383,0.0
京都府京都市右京区,京都府,京都市右京区,40代,女性,74,1.9864864864864864,1.6081081081081081,0.013513513513513514
京都府京都市右京区,京都府,京都市右京区,40代,男性,42,3.0476190476190474,1.5952380952380953,0.047619047619047616
京都府京都市右京区,京都府,京都市右京区,50代,女性,114,1.6491228070175439,1.1842105263157894,0.008771929824561403
京都府京都市右京区,京都府,京都市右京区,50代,男性,42,3.0238095238095237,1.5952380952380953,0.0
京都府京都市右京区,京都府,京都市右京区,60代,女性,80,1.8625,1.3,0.025
京都府京都市右京区,京都府,京都市右京区,60代,男性,28,2.857142857142857,1.0,0.0
京都府京都市右京区,京都府,京都市右京区,70歳以上,女性,29,1.9310344827586208,1.3448275862068966,0.0
京都府京都市右京区,京都府,京都市右京区,70歳以上,男性,18,2.8333333333333335,0.9444444444444444,0.0
京都府京都市山科区,京都府,京都市山科区,20代,女性,51,1.5098039215686274,0.9215686274509803,0.0
京都府京都市山科区,京都府,京都市山科区,20代,男性,24,1.5416666666666667,0.625,0.0
京都府京都市山科区,京都府,京都市山科区,30代,女性,56,1.7678571428571428,1.2857142857142858,0.03571428571428571
京都府京都市山科区,京都府,京都市山科区,30代,男性,31,2.4838709677419355,1.064516129032258,0.0
京都府京都市山科区,京都府,京都市山科区,40代,女性,73,1.6712328767123288,1.5205479452054795,0.0273972602739726
京都府京都市山科区,京都府,京都市山科区,40代,男性,33,3.727272727272727,1.9393939393939394,0.0
京都府京都市山科区,京都府,京都市山科区,50代,女性,104,2.0288461538461537,1.25,0.019230769230769232
京都府京都市山科区,京都府,京都市山科区,50代,男性,36,2.7222222222222223,1.2222222222222223,0.0
京都府京都市山科区,京都府,京都市山科区,60代,女性,73,2.095890410958904,1.2602739726027397,0.0547945205479452
京都府京都市山科区,京都府,京都市山科区,60代,男性,26,2.8076923076923075,1.7692307692307692,0.038461538461538464
京都府京都市山科区,京都府,京都市山科区,70歳以上,女性,13,4.3076923076923075,1.0769230769230769,0.23076923076923078
京都府京都市山科区,京都府,京都市山科区,70歳以上,男性,10,2.5,0.5,0.0
京都府京都市左京区,京都府,京都市左京区,20代,女性,32,1.90625,0.3125,0.0
京都府京都市左京区,京都府,京都市左京区,20代,男性,24,2.25,1.4166666666666667,0.041666666666666664
京都府京都市左京区,京都府,京都市左京区,30代,女性,36,2.0277777777777777,1.3611111111111112,0.0
京都府京都市左京区,京都府,京都市左京区,30代,男性,13,1.9230769230769231,1.2307692307692308,0.0
京都府京都市左京区,京都府,京都市左京区,40代,女性,46,2.152173913043478,1.3695652173913044,0.043478260869565216
京都府京都市左京区,京都府,京都市左京区,40代,男性,13,2.4615384615384617,2.230769230769231,0.0
京都府京都市左京区,京都府,京都市左京区,50代,女性,41,1.975609756097561,1.3902439024390243,0.04878048780487805
京都府京都市左京区,京都府,京都市左京区,50代,男性,18,1.8888888888888888,1.5,0.0
京都府京都市左京区,京都府,京都市左京区,60代,女性,34,1.4411764705882353,0.9705882352941176,0.0
京都府京都市左京区,京都府,京都市左京区,60代,男性,23,2.217391304347826,1.3043478260869565,0.0
京都府京都市左京区,京都府,京都市左京区,70歳以上,女性,12,2.0,1.25,0.0
京都府京都市左京区,京都府,京都市左京区,70歳以上,男性,12,2.5,1.5833333333333333,0.0
京都府京都市東山区,京都府,京都市東山区,20代,女性,5,5.2,0.4,0.2
京都府京都市東山区,京都府,京都市東山区,20代,男性,4,2.5,0.75,0.0
京都府京都市東山区,京都府,京都市東山区,30代,女性,7,1.5714285714285714,1.1428571428571428,0.0
京都府京都市東山区,京都府,京都市東山区,30代,男性,2,8.0,2.5,0.0
京都府京都市東山区,京都府,京都市東山区,40代,女性,6,3.0,3.8333333333333335,0.0
京都府京都市東山区,京都府,京都市東山区,40代,男性,4,3.25,1.25,0.0
京都府京都市東山区,京都府,京都市東山区,50代,女性,8,1.75,0.875,0.0
京都府京都市東山区,京都府,京都市東山区,50代,男性,2,1.5,1.0,0.0
京都府京都市東山区,京都府,京都市東山区,60代,女性,9,3.111111111111111,1.3333333333333333,0.0
京都府京都市東山区,京都府,京都市東山区,60代,男性,6,3.3333333333333335,0.5,0.0
京都府京都市東山区,京都府,京都市東山区,70歳以上,女性,2,1.5,1.0,0.0
京都府京都市東山区,京都府,京都市東山区,70歳以上,男性,1,1.0,0.0,0.0
京都府京都市西京区,京都府,京都市西京区,20代,女性,36,2.6944444444444446,0.9166666666666666,0.05555555555555555
京都府京都市西京区,京都府,京都市西京区,20代,男性,27,3.037037037037037,0.6296296296296297,0.0
京都府京都市西京区,京都府,京都市西京区,30代,女性,47,2.617021276595745,1.872340425531915,0.0
京都府京都市西京区,京都府,京都市西京区,30代,男性,21,7.142857142857143,1.5238095238095237,0.047619047619047616
京都府京都市西京区,京都府,京都市西京区,40代,女性,46,2.0869565217391304,1.2826086956521738,0.021739130434782608
京都府京都市西京区,京都府,京都市西京区,40代,男性,23,2.608695652173913,1.8695652173913044,0.0
京都府京都市西京区,京都府,京都市西京区,50代,女性,90,1.9666666666666666,1.4,0.011111111111111112
京都府京都市西京区,京都府,京都市西京区,50代,男性,31,3.3870967741935485,2.6129032258064515,0.0
京都府京都市西京区,京都府,京都市西京区,60代,女性,46,1.9130434782608696,1.3043478260869565,0.0
京都府京都市西京区,京都府,京都市西京区,60代,男性,25,2.64,1.4,0.0
京都府京都市西京区,京都府,京都市西京区,70歳以上,女性,24,2.9583333333333335,0.9583333333333334,0.20833333333333334
京都府京都市西京区,京都府,京都市西京区,70歳以上,男性,11,2.6363636363636362,1.1818181818181819,0.0
京都府八幡市,京都府,八幡市,20代,女性,15,1.6,0.6666666666666666,0.0
京都府八幡市,京都府,八幡市,20代,男性,12,2.0,0.5,0.0
京都府八幡市,京都府,八幡市,30代,女性,15,1.8,1.4666666666666666,0.0
京都府八幡市,京都府,八幡市,30代,男性,11,3.090909090909091,1.3636363636363635,0.0
京都府八幡市,京都府,八幡市,40代,女性,30,2.4,1.5333333333333334,0.03333333333333333
京都府八幡市,京都府,八幡市,40代,男性,16,1.8125,1.25,0.0625
京都府八幡市,京都府,八幡市,50代,女性,37,3.4054054054054053,1.837837837837838,0.02702702702702703
京都府八幡市,京都府,八幡市,50代,男性,10,5.0,2.1,0.1
京都府八幡市,京都府,八幡市,60代,女性,22,2.227272727272727,1.3636363636363635,0.045454545454545456
京都府八幡市,京都府,八幡市,60代,男性,6,6.833333333333333,1.5,0.0
京都府八幡市,京都府,八幡市,70歳以上,女性,7,2.0,0.5714285714285714,0.0
京都府八幡市,京都府,八幡市,70歳以上,男性,15,2.3333333333333335,1.2,0.0
京都府南丹市,京都府,南丹市,20代,女性,11,1.3636363636363635,0.7272727272727273,0.0
京都府南丹市,京都府,南丹市,20代,男性,7,1.1428571428571428,0.42857142857142855,0.0
京都府南丹市,京都府,南丹市,30代,女性,14,2.0,1.5714285714285714,0.0
京都府南丹市,京都府,南丹市,30代,男性,10,2.6,2.0,0.0
京都府南丹市,京都府,南丹市,40代,女性,7,1.7142857142857142,1.0,0.0
京都府南丹市,京都府,南丹市,40代,男性,6,2.8333333333333335,2.8333333333333335,0.0
京都府南丹市,京都府,南丹市,50代,女性,8,1.625,1.75,0.0
京都府南丹市,京都府,南丹市,50代,男性,2,1.0,0.5,0.0
京都府南丹市,京都府,南丹市,60代,女性,7,1.8571428571428572,1.2857142857142858,0.0
京都府南丹市,京都府,南丹市,60代,男性,8,1.5,0.75,0.0
京都府南丹市,京都府,南丹市,70歳以上,女性,1,1.0,1.0,0.0
京都府南丹市,京都府,南丹市,70歳以上,男性,1,1.0,0.0,0.0
京都府向日市,京都府,向日市,20代,女性,13,1.3846153846153846,1.1538461538461537,0.0
京都府向日市,京都府,向日市,20代,男性,6,2.0,0.5,0.0
京都府向日市,京都府,向日市,30代,女性,16,1.9375,1.5625,0.0
京都府向日市,京都府,向日市,30代,男性,10,3.3,2.3,0.1
京都府向日市,京都府,向日市,40代,女性,23,2.4347826086956523,1.565217391304348,0.0
京都府向日市,京都府,向日市,40代,男性,7,2.7142857142857144,1.1428571428571428,0.0
京都府向日市,京都府,向日市,50代,女性,27,2.185185185185185,1.1111111111111112,0.0
京都府向日市,京都府,向日市,50代,男性,14,4.785714285714286,2.0,0.07142857142857142
京都府向日市,京都府,向日市,60代,女性,20,2.55,1.45,0.0
京都府向日市,京都府,向日市,60代,男性,7,2.2857142857142856,1.4285714285714286,0.0
京都府向日市,京都府,向日市,70歳以上,女性,1,2.0,1.0,0.0
京都府向日市,京都府,向日市,70歳以上,男性,2,2.0,0.5,0.0
京都府城陽市,京都府,城陽市,20代,女性,21,1.5714285714285714,0.6666666666666666,0.0
京都府城陽市,京都府,城陽市,20代,男性,6,1.3333333333333333,0.8333333333333334,0.0
京都府城陽市,京都府,城陽市,30代,女性,12,1.5,1.4166666666666667,0.0
京都府城陽市,京都府,城陽市,30代,男性,9,7.444444444444445,2.4444444444444446,0.0
京都府城陽市,京都府,城陽市,40代,女性,31,2.096774193548387,1.6451612903225807,0.03225806451612903
京都府城陽市,京都府,城陽市,40代,男性,22,3.3181818181818183,1.7727272727272727,0.045454545454545456
京都府城陽市,京都府,城陽市,50代,女性,38,2.6842105263157894,1.2894736842105263,0.0
京都府城陽市,京都府,城陽市,50代,男性,18,4.166666666666667,1.5,0.0
京都府城陽市,京都府,城陽市,60代,女性,29,2.0689655172413794,1.0689655172413792,0.06896551724137931
京都府城陽市,京都府,城陽市,60代,男性,6,3.8333333333333335,1.5,0.16666666666666666
京都府城陽市,京都府,城陽市,70歳以上,男性,4,1.75,1.25,0.0
京都府宇治市,京都府,宇治市,20代,女性,56,2.125,0.9107142857142857,0.017857142857142856
京都府宇治市,京都府,宇治市,20代,男性,29,1.5172413793103448,0.7241379310344828,0.034482758620689655
京都府宇治市,京都府,宇治市,30代,女性,40,1.625,1.15,0.0
京都府宇治市,京都府,宇治市,30代,男性,22,3.5454545454545454,1.5909090909090908,0.0
京都府宇治市,京都府,宇治市,40代,女性,58,1.9310344827586208,1.5517241379310345,0.017241379310344827
京都府宇治市,京都府,宇治市,40代,男性,23,3.8260869565217392,1.7826086956521738,0.0
京都府宇治市,京都府,宇治市,50代,女性,115,2.6869565217391305,1.5304347826086957,0.017391304347826087
京都府宇治市,京都府,宇治市,50代,男性,34,1.9411764705882353,1.2058823529411764,0.0
京都府宇治市,京都府,宇治市,60代,女性,64,1.703125,1.25,0.0
京都府宇治市,京都府,宇治市,60代,男性,29,2.5517241379310347,1.0,0.0
京都府宇治市,京都府,宇治市,70歳以上,女性,7,2.142857142857143,1.4285714285714286,0.0
京都府宇治市,京都府,宇治市,70歳以上,男性,8,1.25,0.125,0.0
京都府宮津市,京都府,宮津市,20代,女性,1,1.0,0.0,0.0
京都府宮津市,京都府,宮津市,20代,男性,1,1.0,0.0,0.0
京都府宮津市,京都府,宮津市,30代,女性,3,1.6666666666666667,1.0,0.0
京都府宮津市,京都府,宮津市,40代,女性,5,4.0,2.8,0.0
京都府宮津市,京都府,宮津市,40代,男性,2,1.0,0.0,0.0
京都府宮津市,京都府,宮津市,50代,女性,3,1.0,2.0,0.0
京都府宮津市,京都府,宮津市,50代,男性,2,2.0,1.0,0.0
京都府宮津市,京都府,宮津市,60代,男性,1,3.0,1.0,0.0
京都府宮津市,京都府,宮津市,70歳以上,男性,2,1.0,0.0,0.0
京都府木津川市,京都府,木津川市,20代,女性,22,1.7272727272727273,1.0454545454545454,0.045454545454545456
京都府木津川市,京都府,木津川市,20代,男性,9,1.2222222222222223,0.6666666666666666,0.0
京都府木津川市,京都府,木津川市,30代,女性,18,1.5,2.0,0.05555555555555555
京都府木津川市,京都府,木津川市,30代,男性,5,2.6,1.4,0.0
京都府木津川市,京都府,木津川市,40代,女性,32,2.15625,1.90625,0.03125
京都府木津川市,京都府,木津川市,40代,男性,12,1.8333333333333333,1.6666666666666667,0.0
京都府木津川市,京都府,木津川市,50代,女性,42,2.4047619047619047,1.6428571428571428,0.0
京都府木津川市,京都府,木津川市,50代,男性,11,1.2727272727272727,1.4545454545454546,0.0
京都府木津川市,京都府,木津川市,60代,女性,25,1.84,1.6,0.0
京都府木津川市,京都府,木津川市,60代,男性,11,2.5454545454545454,2.090909090909091,0.0
京都府木津川市,京都府,木津川市,70歳以上,女性,7,1.5714285714285714,0.8571428571428571,0.0
京都府木津川市,京都府,木津川市,70歳以上,男性,6,3.3333333333333335,0.6666666666666666,0.0
京都府相楽郡南山城村,京都府,相楽郡南山城村,30代,男性,1,1.0,2.0,0.0
京都府相楽郡南山城村,京都府,相楽郡南山城村,40代,女性,2,1.5,0.5,0.0
京都府相楽郡南山城村,京都府,相楽郡南山城村,50代,女性,1,1.0,0.0,0.0
京都府相楽郡南山城村,京都府,相楽郡南山城村,60代,男性,3,1.6666666666666667,1.0,0.0
京都府相楽郡和束町,京都府,相楽郡和束町,20代,男性,1,1.0,1.0,0.0
京都府相楽郡和束町,京都府,相楽郡和束町,40代,女性,1,2.0,0.0,0.0
京都府相楽郡笠置町,京都府,相楽郡笠置町,40代,女性,3,1.0,1.0,0.0
京都府相楽郡笠置町,京都府,相楽郡笠置町,40代,男性,1,1.0,1.0,0.0
京都府相楽郡笠置町,京都府,相楽郡笠置町,50代,女性,1,1.0,2.0,0.0
京都府相楽郡笠置町,京都府,相楽郡笠置町,50代,男性,1,1.0,0.0,0.0
京都府相楽郡精華町,京都府,相楽郡精華町,20代,女性,10,1.5,0.5,0.0
京都府相楽郡精華町,京都府,相楽郡精華町,20代,男性,6,1.5,0.8333333333333334,0.0
京都府相楽郡精華町,京都府,相楽郡精華町,30代,女性,3,2.6666666666666665,1.0,0.0
京都府相楽郡精華町,京都府,相楽郡精華町,30代,男性,3,1.6666666666666667,2.0,0.0
京都府相楽郡精華町,京都府,相楽郡精華町,40代,女性,12,3.25,1.9166666666666667,0.0
京都府相楽郡精華町,京都府,相楽郡精華町,40代,男性,5,4.0,1.4,0.0
京都府相楽郡精華町,京都府,相楽郡精華町,50代,女性,11,2.1818181818181817,2.272727272727273,0.0
京都府相楽郡精華町,京都府,相楽郡精華町,50代,男性,4,2.0,2.0,0.0
京都府相楽郡精華町,京都府,相楽郡精華町,60代,女性,11,2.272727272727273,1.0,0.0
京都府相楽郡精華町,京都府,相楽郡精華町,60代,男性,4,4.75,1.0,0.0
京都府相楽郡精華町,京都府,相楽郡精華町,70歳以上,女性,2,2.0,1.5,0.0
京都府相楽郡精華町,京都府,相楽郡精華町,70歳以上,男性,2,2.5,2.5,0.0
京都府福知山市,京都府,福知山市,20代,女性,21,1.3333333333333333,0.6666666666666666,0.0
京都府福知山市,京都府,福知山市,20代,男性,6,1.8333333333333333,0.16666666666666666,0.0
京都府福知山市,京都府,福知山市,30代,女性,11,1.1818181818181819,1.2727272727272727,0.0
京都府福知山市,京都府,福知山市,30代,男性,8,2.0,0.875,0.0
京都府福知山市,京都府,福知山市,40代,女性,12,1.0833333333333333,0.6666666666666666,0.0
京都府福知山市,京都府,福知山市,40代,男性,5,1.0,1.6,0.0
京都府福知山市,京都府,福知山市,50代,女性,17,1.6470588235294117,1.0,0.058823529411764705
京都府福知山市,京都府,福知山市,50代,男性,7,1.0,0.42857142857142855,0.0
京都府福知山市,京都府,福知山市,60代,女性,15,1.4,0.6,0.0
京都府福知山市,京都府,福知山市,60代,男性,2,2.0,0.5,0.0
京都府福知山市,京都府,福知山市,70歳以上,男性,2,1.0,0.0,0.0
京都府綴喜郡井手町,京都府,綴喜郡井手町,20代,男性,1,1.0,0.0,0.0
京都府綴喜郡井手町,京都府,綴喜郡井手町,30代,女性,2,2.0,3.0,0.0
京都府綴喜郡井手町,京都府,綴喜郡井手町,40代,女性,1,2.0,1.0,0.0
京都府綴喜郡井手町,京都府,綴喜郡井手町,40代,男性,5,2.2,1.6,0.0
京都府綴喜郡井手町,京都府,綴喜郡井手町,50代,女性,3,1.3333333333333333,1.0,0.0
京都府綴喜郡井手町,京都府,綴喜郡井手町,60代,女性,3,5.0,2.0,0.0
京都府綴喜郡井手町,京都府,綴喜郡井手町,70歳以上,女性,2,5.0,3.5,0.0
京都府綴喜郡宇治田原町,京都府,綴喜郡宇治田原町,20代,女性,1,1.0,0.0,0.0
京都府綴喜郡宇治田原町,京都府,綴喜郡宇治田原町,20代,男性,1,1.0,1.0,0.0
京都府綴喜郡宇治田原町,京都府,綴喜郡宇治田原町,30代,女性,1,1.0,1.0,0.0
京都府綴喜郡宇治田原町,京都府,綴喜郡宇治田原町,30代,男性,2,5.0,1.5,0.0
京都府綴喜郡宇治田原町,京都府,綴喜郡宇治田原町,40代,女性,4,2.25,0.75,0.0
京都府綴喜郡宇治田原町,京都府,綴喜郡宇治田原町,50代,女性,1,2.0,3.0,0.0
京都府綴喜郡宇治田原町,京都府,綴喜郡宇治田原町,60代,女性,4,1.25,0.75,0.0
京都府綴喜郡宇治田原町,京都府,綴喜郡宇治田原町,60代,男性,1,2.0,1.0,0.0
京都府綾部市,京都府,綾部市,20代,男性,2,1.5,0.5,0.0
京都府綾部市,京都府,綾部市,30代,女性,5,1.2,0.8,0.0
京都府綾部市,京都府,綾部市,30代,男性,3,1.3333333333333333,1.0,0.0
京都府綾部市,京都府,綾部市,40代,女性,7,1.7142857142857142,1.1428571428571428,0.0
京都府綾部市,京都府,綾部市,40代,男性,5,2.6,2.0,0.0
京都府綾部市,京都府,綾部市,50代,女性,3,1.0,1.0,0.0
京都府綾部市,京都府,綾部市,60代,女性,3,2.6666666666666665,1.0,0.0
京都府綾部市,京都府,綾部市,70歳以上,男性,1,1.0,0.0,0.0
京都府舞鶴市,京都府,舞鶴市,20代,女性,16,1.125,0.625,0.0
京都府舞鶴市,京都府,舞鶴市,20代,男性,12,1.6666666666666667,0.5833333333333334,0.0
京都府舞鶴市,京都府,舞鶴市,30代,女性,23,1.2608695652173914,1.2608695652173914,0.0
京都府舞鶴市,京都府,舞鶴市,30代,男性,3,1.0,2.0,0.0
京都府舞鶴市,京都府,舞鶴市,40代,女性,17,1.5294117647058822,1.6470588235294117,0.0
京都府舞鶴市,京都府,舞鶴市,40代,男性,9,1.8888888888888888,1.3333333333333333,0.1111111111111111
京都府舞鶴市,京都府,舞鶴市,50代,女性,20,1.55,0.8,0.0
京都府舞鶴市,京都府,舞鶴市,50代,男性,4,3.5,2.0,0.0
京都府舞鶴市,京都府,舞鶴市,60代,女性,10,1.0,0.8,0.0
京都府舞鶴市,京都府,舞鶴市,70歳以上,女性,2,1.0,0.0,0.0
京都府舞鶴市,京都府,舞鶴市,70歳以上,男性,2,1.0,0.5,0.0
京都府船井郡京丹波町,京都府,船井郡京丹波町,20代,女性,2,3.5,0.5,0.0
京都府船井郡京丹波町,京都府,船井郡京丹波町,20代,男性,2,1.0,0.5,0.0
京都府船井郡京丹波町,京都府,船井郡京丹波町,30代,女性,1,1.0,0.0,0.0
京都府船井郡京丹波町,京都府,船井郡京丹波町,30代,男性,3,3.0,1.6666666666666667,0.0
京都府船井郡京丹波町,京都府,船井郡京丹波町,40代,女性,5,1.4,1.2,0.0
京都府船井郡京丹波町,京都府,船井郡京丹波町,40代,男性,1,1.0,1.0,0.0
京都府船井郡京丹波町,京都府,船井郡京丹波町,50代,女性,2,1.5,1.5,0.0
京都府船井郡京丹波町,京都府,船井郡京丹波町,50代,男性,1,1.0,0.0,0.0
京都府船井郡京丹波町,京都府,船井郡京丹波町,60代,女性,4,2.0,1.0,0.0
京都府船井郡京丹波町,京都府,船井郡京丹波町,60代,男性,2,2.5,0.5,0.0
京都府船井郡京丹波町,京都府,船井郡京丹波町,70歳以上,男性,2,1.0,0.0,0.0
京都府長岡京市,京都府,長岡京市,20代,女性,12,2.0833333333333335,1.0833333333333333,0.0
京都府長岡京市,京都府,長岡京市,20代,男性,8,1.75,0.625,0.0
京都府長岡京市,京都府,長岡京市,30代,女性,14,2.0,1.7857142857142858,0.0
京都府長岡京市,京都府,長岡京市,30代,男性,4,3.25,0.25,0.0
京都府長岡京市,京都府,長岡京市,40代,女性,30,2.0,1.5,0.03333333333333333
京都府長岡京市,京都府,長岡京市,40代,男性,13,3.230769230769231,1.0769230769230769,0.0
京都府長岡京市,京都府,長岡京市,50代,女性,32,2.125,1.65625,0.0
京都府長岡京市,京都府,長岡京市,50代,男性,5,7.2,3.4,0.0
京都府長岡京市,京都府,長岡京市,60代,女性,30,2.6,1.3,0.03333333333333333
京都府長岡京市,京都府,長岡京市,60代,男性,10,2.5,1.5,0.0
京都府長岡京市,京都府,長岡京市,70歳以上,女性,4,1.75,0.25,0.0
京都府長岡京市,京都府,長岡京市,70歳以上,男性,4,0.75,0.75,0.0
佐賀県三養基郡みやき町,佐賀県,三養基郡みやき町,20代,男性,1,6.0,2.0,0.0
佐賀県伊万里市,佐賀県,伊万里市,30代,女性,1,1.0,3.0,0.0
佐賀県佐賀市,佐賀県,佐賀市,20代,男性,1,3.0,1.0,0.0
兵庫県たつの市,兵庫県,たつの市,70歳以上,男性,1,8.0,3.0,0.0
兵庫県三田市,兵庫県,三田市,40代,女性,1,6.0,2.0,0.0
兵庫県三田市,兵庫県,三田市,60代,女性,1,5.0,1.0,1.0
兵庫県丹波市,兵庫県,丹波市,20代,女性,3,1.3333333333333333,1.3333333333333333,0.0
兵庫県丹波市,兵庫県,丹波市,20代,男性,2,16.0,1.5,0.0
兵庫県丹波市,兵庫県,丹波市,30代,女性,1,3.0,8.0,0.0
兵庫県丹波市,兵庫県,丹波市,30代,男性,1,6.0,4.0,0.0
兵庫県丹波市,兵庫県,丹波市,40代,女性,2,2.0,2.0,0.0
兵庫県丹波市,兵庫県,丹波市,40代,男性,1,2.0,3.0,0.0
兵庫県丹波市,兵庫県,丹波市,50代,女性,1,6.0,6.0,0.0
兵庫県丹波市,兵庫県,丹波市,50代,男性,3,2.3333333333333335,2.3333333333333335,0.0
兵庫県丹波市,兵庫県,丹波市,60代,男性,1,1.0,4.0,0.0
兵庫県丹波篠山市,兵庫県,丹波篠山市,20代,女性,1,2.0,1.0,0.0
兵庫県丹波篠山市,兵庫県,丹波篠山市,50代,女性,1,3.0,2.0,0.0
兵庫県丹波篠山市,兵庫県,丹波篠山市,60代,女性,1,5.0,2.0,0.0
兵庫県伊丹市,兵庫県,伊丹市,30代,男性,1,30.0,1.0,1.0
兵庫県伊丹市,兵庫県,伊丹市,60代,女性,1,15.0,0.0,0.0
兵庫県加古川市,兵庫県,加古川市,20代,女性,1,2.0,0.0,0.0
兵庫県加古川市,兵庫県,加古川市,60代,女性,1,5.0,5.0,1.0
兵庫県加西市,兵庫県,加西市,20代,女性,1,3.0,2.0,0.0
兵庫県姫路市,兵庫県,姫路市,20代,女性,1,8.0,0.0,0.0
兵庫県姫路市,兵庫県,姫路市,30代,男性,2,9.5,1.0,0.0
兵庫県姫路市,兵庫県,姫路市,70歳以上,女性,1,8.0,1.0,0.0
兵庫県宝塚市,兵庫県,宝塚市,20代,男性,1,25.0,1.0,0.0
兵庫県宝塚市,兵庫県,宝塚市,30代,女性,1,3.0,1.0,0.0
兵庫県宝塚市,兵庫県,宝塚市,50代,男性,1,51.0,4.0,0.0
兵庫県宝塚市,兵庫県,宝塚市,60代,女性,1,29.0,4.0,1.0
兵庫県小野市,兵庫県,小野市,20代,女性,1,1.0,0.0,0.0
兵庫県小野市,兵庫県,小野市,50代,男性,1,15.0,4.0,0.0
兵庫県尼崎市,兵庫県,尼崎市,20代,男性,1,4.0,3.0,0.0
兵庫県尼崎市,兵庫県,尼崎市,30代,男性,1,9.0,7.0,0.0
兵庫県尼崎市,兵庫県,尼崎市,50代,女性,1,1.0,0.0,0.0
兵庫県川辺郡猪名川町,兵庫県,川辺郡猪名川町,20代,女性,1,11.0,0.0,0.0
兵庫県明石市,兵庫県,明石市,50代,男性,1,15.0,1.0,0.0
兵庫県朝来市,兵庫県,朝来市,20代,女性,2,6.5,2.5,0.0
兵庫県朝来市,兵庫県,朝来市,40代,男性,1,2.0,2.0,0.0
兵庫県朝来市,兵庫県,朝来市,50代,女性,2,2.5,2.5,0.0
兵庫県洲本市,兵庫県,洲本市,50代,男性,1,1.0,1.0,0.0
兵庫県洲本市,兵庫県,洲本市,60代,男性,2,15.0,2.5,0.0
兵庫県淡路市,兵庫県,淡路市,30代,女性,1,7.0,2.0,0.0
兵庫県神戸市中央区,兵庫県,神戸市中央区,30代,女性,1,30.0,0.0,0.0
兵庫県神戸市中央区,兵庫県,神戸市中央区,70歳以上,女性,1,1.0,4.0,0.0
兵庫県神戸市兵庫区,兵庫県,神戸市兵庫区,30代,女性,1,3.0,0.0,0.0
兵庫県神戸市北区,兵庫県,神戸市北区,20代,女性,1,2.0,0.0,0.0
兵庫県神戸市北区,兵庫県,神戸市北区,30代,女性,2,9.0,1.5,0.0
兵庫県神戸市北区,兵庫県,神戸市北区,30代,男性,2,4.0,4.0,0.0
兵庫県神戸市北区,兵庫県,神戸市北区,60代,女性,1,1.0,3.0,0.0
兵庫県神戸市垂水区,兵庫県,神戸市垂水区,20代,女性,1,1.0,3.0,0.0
兵庫県神戸市垂水区,兵庫県,神戸市垂水区,40代,男性,1,42.0,4.0,0.0
兵庫県神戸市東灘区,兵庫県,神戸市東灘区,40代,女性,1,5.0,1.0,0.0
兵庫県神戸市灘区,兵庫県,神戸市灘区,40代,男性,1,1.0,4.0,0.0
兵庫県神戸市長田区,兵庫県,神戸市長田区,20代,女性,1,2.0,4.0,0.0
兵庫県神戸市長田区,兵庫県,神戸市長田区,50代,男性,1,12.0,5.0,0.0
兵庫県芦屋市,兵庫県,芦屋市,50代,女性,1,9.0,4.0,0.0
兵庫県西宮市,兵庫県,西宮市,20代,女性,2,22.0,2.5,1.0
兵庫県西宮市,兵庫県,西宮市,50代,女性,1,1.0,1.0,0.0
兵庫県西宮市,兵庫県,西宮市,50代,男性,3,16.666666666666668,1.0,0.0
兵庫県豊岡市,兵庫県,豊岡市,20代,女性,1,2.0,0.0,0.0
兵庫県豊岡市,兵庫県,豊岡市,40代,男性,1,3.0,0.0,0.0
兵庫県赤穂市,兵庫県,赤穂市,20代,女性,1,20.0,0.0,0.0
兵庫県養父市,兵庫県,養父市,30代,女性,1,4.0,0.0,0.0
北海道札幌市中央区,北海道,札幌市中央区,40代,男性,1,64.0,2.0,0.0
北海道札幌市東区,北海道,札幌市東区,20代,女性,1,3.0,0.0,0.0
北海道札幌市西区,北海道,札幌市西区,20代,女性,1,3.0,2.0,0.0
北海道登別市,北海道,登別市,20代,男性,1,1.0,1.0,0.0
千葉県千葉市花見川区,千葉県,千葉市花見川区,50代,女性,1,7.0,2.0,0.0
千葉県千葉市花見川区,千葉県,千葉市花見川区,70歳以上,女性,1,2.0,2.0,0.0
千葉県君津市,千葉県,君津市,30代,男性,1,1.0,3.0,0.0
千葉県市原市,千葉県,市原市,60代,女性,2,2.5,1.5,0.0
千葉県木更津市,千葉県,木更津市,20代,男性,1,147.0,1.0,0.0
千葉県松戸市,千葉県,松戸市,50代,女性,1,2.0,1.0,0.0
千葉県流山市,千葉県,流山市,20代,女性,1,1.0,2.0,0.0
千葉県香取郡東庄町,千葉県,香取郡東庄町,40代,女性,1,4.0,3.0,0.0
和歌山県伊都郡九度山町,和歌山県,伊都郡九度山町,30代,男性,1,47.0,2.0,0.0
和歌山県和歌山市,和歌山県,和歌山市,20代,女性,1,1.0,1.0,0.0
和歌山県和歌山市,和歌山県,和歌山市,30代,女性,1,3.0,4.0,0.0
和歌山県和歌山市,和歌山県,和歌山市,30代,男性,1,5.0,3.0,0.0
和歌山県和歌山市,和歌山県,和歌山市,50代,女性,1,3.0,3.0,0.0
和歌山県有田市,和歌山県,有田市,30代,男性,1,35.0,1.0,0.0
和歌山県有田郡有田川町,和歌山県,有田郡有田川町,30代,男性,1,4.0,1.0,0.0
和歌山県西牟婁郡上富田町,和歌山県,西牟婁郡上富田町,20代,女性,1,4.0,2.0,1.0
埼玉県さいたま市大宮区,埼玉県,さいたま市大宮区,60代,女性,1,7.0,3.0,0.0
埼玉県三郷市,埼玉県,三郷市,30代,男性,1,1.0,1.0,0.0
埼玉県上尾市,埼玉県,上尾市,40代,男性,1,75.0,8.0,0.0
埼玉県川口市,埼玉県,川口市,20代,男性,1,11.0,1.0,0.0
埼玉県川口市,埼玉県,川口市,60代,男性,1,132.0,9.0,0.0
埼玉県川越市,埼玉県,川越市,30代,女性,1,1.0,0.0,0.0
埼玉県春日部市,埼玉県,春日部市,20代,男性,1,13.0,2.0,0.0
埼玉県熊谷市,埼玉県,熊谷市,30代,男性,1,1.0,2.0,0.0
埼玉県狭山市,埼玉県,狭山市,60代,女性,1,1.0,1.0,0.0
埼玉県越谷市,埼玉県,越谷市,30代,女性,1,3.0,0.0,0.0
大分県中津市,大分県,中津市,40代,女性,1,2.0,2.0,0.0
大分県宇佐市,大分県,宇佐市,40代,男性,1,14.0,2.0,0.0
大阪府三島郡島本町,大阪府,三島郡島本町,30代,女性,2,7.0,2.0,0.0
大阪府三島郡島本町,大阪府,三島郡島本町,30代,男性,1,5.0,2.0,0.0
大阪府三島郡島本町,大阪府,三島郡島本町,40代,女性,1,2.0,1.0,0.0
大阪府三島郡島本町,大阪府,三島郡島本町,40代,男性,2,6.5,2.0,0.0
大阪府三島郡島本町,大阪府,三島郡島本町,50代,女性,3,3.0,1.6666666666666667,0.0
大阪府三島郡島本町,大阪府,三島郡島本町,50代,男性,2,16.0,1.5,0.0
大阪府三島郡島本町,大阪府,三島郡島本町,60代,女性,2,2.5,1.5,0.5
大阪府三島郡島本町,大阪府,三島郡島本町,60代,男性,1,1.0,0.0,0.0
大阪府三島郡島本町,大阪府,三島郡島本町,70歳以上,女性,2,3.0,1.0,0.5
大阪府交野市,大阪府,交野市,30代,男性,1,1.0,0.0,0.0
大阪府交野市,大阪府,交野市,40代,女性,1,4.0,2.0,0.0
大阪府交野市,大阪府,交野市,50代,女性,4,8.0,2.25,0.0
大阪府交野市,大阪府,交野市,60代,女性,3,4.666666666666667,3.3333333333333335,0.0
大阪府八尾市,大阪府,八尾市,20代,男性,1,5.0,3.0,0.0
大阪府八尾市,大阪府,八尾市,50代,男性,1,9.0,2.0,0.0
大阪府南河内郡河南町,大阪府,南河内郡河南町,40代,女性,1,1.0,2.0,0.0
大阪府吹田市,大阪府,吹田市,20代,女性,2,3.5,0.5,0.0
大阪府吹田市,大阪府,吹田市,30代,女性,2,13.5,2.5,0.0
大阪府吹田市,大阪府,吹田市,40代,女性,2,21.5,1.5,0.0
大阪府吹田市,大阪府,吹田市,40代,男性,1,10.0,2.0,0.0
大阪府吹田市,大阪府,吹田市,60代,女性,1,1.0,0.0,0.0
大阪府吹田市,大阪府,吹田市,60代,男性,2,12.0,1.0,0.5
大阪府和泉市,大阪府,和泉市,30代,女性,1,3.0,1.0,0.0
大阪府四條畷市,大阪府,四條畷市,60代,男性,1,9.0,1.0,0.0
大阪府堺市中区,大阪府,堺市中区,20代,女性,1,2.0,0.0,0.0
大阪府堺市中区,大阪府,堺市中区,30代,女性,2,6.0,1.5,0.0
大阪府堺市中区,大阪府,堺市中区,50代,女性,1,6.0,1.0,0.0
大阪府堺市北区,大阪府,堺市北区,60代,女性,1,9.0,1.0,1.0
大阪府堺市南区,大阪府,堺市南区,20代,女性,2,2.5,1.0,0.0
大阪府堺市南区,大阪府,堺市南区,20代,男性,1,3.0,1.0,0.0
大阪府堺市堺区,大阪府,堺市堺区,20代,男性,1,5.0,5.0,0.0
大阪府堺市堺区,大阪府,堺市堺区,30代,女性,1,1.0,1.0,0.0
大阪府堺市堺区,大阪府,堺市堺区,50代,男性,2,25.0,4.5,0.0
大阪府大東市,大阪府,大東市,40代,女性,1,3.0,4.0,0.0
大阪府大東市,大阪府,大東市,70歳以上,女性,1,30.0,1.0,1.0
大阪府大阪市中央区,大阪府,大阪市中央区,20代,女性,2,12.0,0.5,0.0
大阪府大阪市中央区,大阪府,大阪市中央区,20代,男性,1,11.0,3.0,0.0
大阪府大阪市中央区,大阪府,大阪市中央区,30代,男性,1,4.0,3.0,0.0
大阪府大阪市中央区,大阪府,大阪市中央区,40代,女性,1,1.0,0.0,0.0
大阪府大阪市中央区,大阪府,大阪市中央区,40代,男性,1,1.0,1.0,0.0
大阪府大阪市中央区,大阪府,大阪市中央区,60代,男性,1,4.0,2.0,0.0
大阪府大阪市中央区,大阪府,大阪市中央区,70歳以上,男性,1,3.0,0.0,0.0
大阪府大阪市住之江区,大阪府,大阪市住之江区,30代,男性,1,7.0,1.0,0.0
大阪府大阪市住之江区,大阪府,大阪市住之江区,70歳以上,女性,1,31.0,3.0,1.0
大阪府大阪市住吉区,大阪府,大阪市住吉区,40代,女性,1,3.0,2.0,0.0
大阪府大阪市住吉区,大阪府,大阪市住吉区,40代,男性,1,3.0,4.0,0.0
大阪府大阪市北区,大阪府,大阪市北区,30代,女性,1,33.0,2.0,1.0
大阪府大阪市北区,大阪府,大阪市北区,30代,男性,1,7.0,3.0,0.0
大阪府大阪市北区,大阪府,大阪市北区,40代,男性,3,12.0,0.6666666666666666,0.0
大阪府大阪市北区,大阪府,大阪市北区,50代,女性,1,16.0,8.0,0.0
大阪府大阪市天王寺区,大阪府,大阪市天王寺区,50代,女性,2,6.5,2.5,0.0
大阪府大阪市平野区,大阪府,大阪市平野区,20代,女性,1,2.0,1.0,0.0
大阪府大阪市平野区,大阪府,大阪市平野区,40代,女性,1,2.0,0.0,0.0
大阪府大阪市平野区,大阪府,大阪市平野区,40代,男性,1,72.0,4.0,0.0
大阪府大阪市平野区,大阪府,大阪市平野区,50代,女性,1,10.0,2.0,0.0
大阪府大阪市平野区,大阪府,大阪市平野区,60代,女性,4,28.75,2.75,0.25
大阪府大阪市旭区,大阪府,大阪市旭区,20代,男性,1,4.0,2.0,0.0
大阪府大阪市旭区,大阪府,大阪市旭区,30代,男性,1,3.0,1.0,0.0
大阪府大阪市旭区,大阪府,大阪市旭区,40代,男性,1,32.0,4.0,0.0
大阪府大阪市東住吉区,大阪府,大阪市東住吉区,20代,女性,1,6.0,0.0,0.0
大阪府大阪市東住吉区,大阪府,大阪市東住吉区,30代,女性,1,3.0,3.0,0.0
大阪府大阪市東住吉区,大阪府,大阪市東住吉区,60代,女性,1,7.0,1.0,1.0
大阪府大阪市東成区,大阪府,大阪市東成区,20代,男性,1,7.0,1.0,0.0
大阪府大阪市東淀川区,大阪府,大阪市東淀川区,20代,女性,1,4.0,1.0,0.0
大阪府大阪市東淀川区,大阪府,大阪市東淀川区,30代,男性,2,3.0,2.0,0.0
大阪府大阪市東淀川区,大阪府,大阪市東淀川区,40代,女性,1,18.0,5.0,0.0
大阪府大阪市東淀川区,大阪府,大阪市東淀川区,50代,男性,1,6.0,9.0,0.0
大阪府大阪市東淀川区,大阪府,大阪市東淀川区,60代,女性,1,2.0,2.0,0.0
大阪府大阪市此花区,大阪府,大阪市此花区,40代,女性,1,27.0,2.0,1.0
大阪府大阪市浪速区,大阪府,大阪市浪速区,50代,男性,1,55.0,5.0,0.0
大阪府大阪市浪速区,大阪府,大阪市浪速区,60代,女性,1,8.0,1.0,1.0
大阪府大阪市淀川区,大阪府,大阪市淀川区,20代,女性,1,9.0,0.0,0.0
大阪府大阪市淀川区,大阪府,大阪市淀川区,30代,男性,2,4.0,2.5,0.0
大阪府大阪市淀川区,大阪府,大阪市淀川区,50代,男性,2,2.5,0.5,0.0
大阪府大阪市港区,大阪府,大阪市港区,40代,男性,1,38.0,5.0,0.0
大阪府大阪市港区,大阪府,大阪市港区,60代,男性,1,55.0,4.0,0.0
大阪府大阪市生野区,大阪府,大阪市生野区,20代,女性,1,1.0,1.0,0.0
大阪府大阪市生野区,大阪府,大阪市生野区,20代,男性,1,16.0,4.0,0.0
大阪府大阪市福島区,大阪府,大阪市福島区,30代,女性,1,5.0,1.0,0.0
大阪府大阪市西区,大阪府,大阪市西区,50代,女性,2,34.5,3.0,0.5
大阪府大阪市西区,大阪府,大阪市西区,60代,男性,1,4.0,0.0,0.0
大阪府大阪市西成区,大阪府,大阪市西成区,20代,女性,1,3.0,3.0,0.0
大阪府大阪市西成区,大阪府,大阪市西成区,50代,男性,1,15.0,2.0,0.0
大阪府大阪市西淀川区,大阪府,大阪市西淀川区,40代,女性,1,3.0,1.0,0.0
大阪府大阪市西淀川区,大阪府,大阪市西淀川区,40代,男性,1,45.0,1.0,0.0
大阪府大阪市都島区,大阪府,大阪市都島区,20代,女性,2,253.0,4.0,0.0
大阪府大阪市都島区,大阪府,大阪市都島区,30代,男性,1,1.0,3.0,0.0
大阪府大阪市都島区,大阪府,大阪市都島区,40代,男性,1,21.0,2.0,0.0
大阪府大阪市都島区,大阪府,大阪市都島区,50代,男性,1,29.0,5.0,1.0
大阪府大阪市鶴見区,大阪府,大阪市鶴見区,40代,男性,1,9.0,2.0,0.0
大阪府守口市,大阪府,守口市,20代,女性,1,16.0,2.0,1.0
大阪府守口市,大阪府,守口市,20代,男性,1,8.0,3.0,0.0
大阪府守口市,大阪府,守口市,30代,女性,1,7.0,2.0,0.0
大阪府守口市,大阪府,守口市,40代,男性,2,10.5,3.5,0.0
大阪府富田林市,大阪府,富田林市,50代,女性,1,9.0,2.0,0.0
大阪府富田林市,大阪府,富田林市,50代,男性,2,30.5,6.5,0.0
大阪府寝屋川市,大阪府,寝屋川市,20代,男性,2,2.5,1.5,0.0
大阪府寝屋川市,大阪府,寝屋川市,50代,女性,2,4.5,5.0,0.5
大阪府寝屋川市,大阪府,寝屋川市,50代,男性,1,2.0,2.0,0.0
大阪府寝屋川市,大阪府,寝屋川市,60代,女性,2,2.5,2.0,0.0
大阪府寝屋川市,大阪府,寝屋川市,60代,男性,2,22.0,1.5,0.0
大阪府寝屋川市,大阪府,寝屋川市,70歳以上,女性,1,4.0,2.0,1.0
大阪府摂津市,大阪府,摂津市,20代,女性,2,1.5,0.0,0.0
大阪府摂津市,大阪府,摂津市,30代,女性,1,16.0,0.0,0.0
大阪府東大阪市,大阪府,東大阪市,20代,女性,3,2.0,1.0,0.0
大阪府東大阪市,大阪府,東大阪市,20代,男性,3,11.0,1.6666666666666667,0.0
大阪府東大阪市,大阪府,東大阪市,30代,女性,1,4.0,1.0,0.0
大阪府東大阪市,大阪府,東大阪市,30代,男性,1,12.0,3.0,0.0
大阪府東大阪市,大阪府,東大阪市,50代,女性,1,32.0,2.0,0.0
大阪府東大阪市,大阪府,東大阪市,60代,女性,2,8.0,3.0,0.0
大阪府枚方市,大阪府,枚方市,20代,女性,4,5.25,1.5,0.0
大阪府枚方市,大阪府,枚方市,20代,男性,5,2.4,1.2,0.2
大阪府枚方市,大阪府,枚方市,30代,女性,8,5.75,2.25,0.0
大阪府枚方市,大阪府,枚方市,30代,男性,15,7.466666666666667,2.933333333333333,0.0
大阪府枚方市,大阪府,枚方市,40代,女性,18,4.055555555555555,2.0,0.05555555555555555
大阪府枚方市,大阪府,枚方市,40代,男性,11,4.636363636363637,2.5454545454545454,0.0
大阪府枚方市,大阪府,枚方市,50代,女性,24,4.75,2.3333333333333335,0.0
大阪府枚方市,大阪府,枚方市,50代,男性,12,7.333333333333333,3.9166666666666665,0.0
大阪府枚方市,大阪府,枚方市,60代,女性,13,5.230769230769231,2.1538461538461537,0.07692307692307693
大阪府枚方市,大阪府,枚方市,60代,男性,3,4.333333333333333,1.0,0.0
大阪府枚方市,大阪府,枚方市,70歳以上,男性,6,6.5,0.8333333333333334,0.0
大阪府柏原市,大阪府,柏原市,20代,女性,1,2.0,2.0,0.0
大阪府柏原市,大阪府,柏原市,50代,女性,1,4.0,2.0,0.0
大阪府河内長野市,大阪府,河内長野市,50代,女性,1,7.0,2.0,0.0
大阪府河内長野市,大阪府,河内長野市,50代,男性,1,3.0,1.0,0.0
大阪府泉佐野市,大阪府,泉佐野市,50代,女性,1,1.0,2.0,0.0
大阪府泉南市,大阪府,泉南市,30代,女性,1,1.0,1.0,0.0
大阪府泉南市,大阪府,泉南市,40代,女性,1,23.0,4.0,0.0
大阪府箕面市,大阪府,箕面市,20代,男性,1,7.0,1.0,0.0
大阪府箕面市,大阪府,箕面市,40代,女性,1,3.0,2.0,1.0
大阪府箕面市,大阪府,箕面市,40代,男性,1,50.0,3.0,0.0
大阪府箕面市,大阪府,箕面市,60代,女性,1,12.0,5.0,0.0
大阪府箕面市,大阪府,箕面市,60代,男性,1,14.0,4.0,0.0
大阪府箕面市,大阪府,箕面市,70歳以上,男性,1,11.0,2.0,0.0
大阪府羽曳野市,大阪府,羽曳野市,40代,女性,1,22.0,2.0,0.0
大阪府羽曳野市,大阪府,羽曳野市,40代,男性,1,37.0,3.0,0.0
大阪府羽曳野市,大阪府,羽曳野市,60代,男性,1,9.0,1.0,0.0
大阪府茨木市,大阪府,茨木市,20代,女性,2,9.0,2.0,0.5
大阪府茨木市,大阪府,茨木市,20代,男性,1,13.0,8.0,0.0
大阪府茨木市,大阪府,茨木市,30代,女性,1,14.0,1.0,0.0
大阪府茨木市,大阪府,茨木市,40代,女性,1,4.0,0.0,0.0
大阪府茨木市,大阪府,茨木市,40代,男性,3,7.0,3.3333333333333335,0.0
大阪府茨木市,大阪府,茨木市,50代,女性,2,5.5,1.5,0.0
大阪府茨木市,大阪府,茨木市,50代,男性,2,5.5,4.0,0.0
大阪府茨木市,大阪府,茨木市,60代,女性,1,6.0,2.0,0.0
大阪府茨木市,大阪府,茨木市,60代,男性,2,4.5,2.0,0.0
大阪府茨木市,大阪府,茨木市,70歳以上,女性,2,5.5,0.0,0.0
大阪府豊中市,大阪府,豊中市,30代,男性,1,1.0,1.0,0.0
大阪府豊中市,大阪府,豊中市,50代,男性,1,17.0,12.0,0.0
大阪府豊中市,大阪府,豊中市,70歳以上,男性,1,6.0,7.0,0.0
大阪府豊能郡能勢町,大阪府,豊能郡能勢町,40代,男性,1,14.0,3.0,0.0
大阪府豊能郡能勢町,大阪府,豊能郡能勢町,60代,男性,2,10.0,1.0,0.0
大阪府豊能郡豊能町,大阪府,豊能郡豊能町,40代,男性,1,3.0,2.0,0.0
大阪府貝塚市,大阪府,貝塚市,60代,男性,1,30.0,7.0,0.0
大阪府門真市,大阪府,門真市,50代,女性,2,20.0,2.0,0.0
大阪府門真市,大阪府,門真市,60代,男性,1,1.0,0.0,0.0
大阪府高槻市,大阪府,高槻市,20代,女性,4,6.0,1.5,0.0
大阪府高槻市,大阪府,高槻市,30代,女性,2,3.0,1.5,0.5
大阪府高槻市,大阪府,高槻市,30代,男性,5,12.6,2.0,0.0
大阪府高槻市,大阪府,高槻市,40代,女性,5,9.8,2.2,0.0
大阪府高槻市,大阪府,高槻市,40代,男性,6,8.0,2.8333333333333335,0.0
大阪府高槻市,大阪府,高槻市,50代,女性,8,6.75,2.875,0.25
大阪府高槻市,大阪府,高槻市,50代,男性,4,19.0,2.0,0.0
大阪府高槻市,大阪府,高槻市,60代,女性,3,3.0,2.3333333333333335,0.0
大阪府高槻市,大阪府,高槻市,60代,男性,1,5.0,4.0,0.0
大阪府高槻市,大阪府,高槻市,70歳以上,女性,1,3.0,2.0,1.0
大阪府高槻市,大阪府,高槻市,70歳以上,男性,2,4.0,1.0,0.0
奈良県五條市,奈良県,五條市,50代,女性,1,8.0,3.0,0.0
奈良県北葛城郡広陵町,奈良県,北葛城郡広陵町,60代,女性,1,6.0,3.0,0.0
奈良県北葛城郡王寺町,奈良県,北葛城郡王寺町,40代,男性,1,6.0,2.0,0.0
奈良県北葛城郡王寺町,奈良県,北葛城郡王寺町,70歳以上,女性,1,5.0,4.0,0.0
奈良県大和郡山市,奈良県,大和郡山市,20代,男性,1,3.0,2.0,0.0
奈良県大和郡山市,奈良県,大和郡山市,40代,女性,2,23.5,1.5,0.5
奈良県大和郡山市,奈良県,大和郡山市,50代,女性,1,5.0,2.0,0.0
奈良県大和郡山市,奈良県,大和郡山市,60代,女性,2,9.5,2.0,0.0
奈良県大和郡山市,奈良県,大和郡山市,70歳以上,女性,1,6.0,2.0,0.0
奈良県大和高田市,奈良県,大和高田市,50代,男性,1,22.0,2.0,0.0
奈良県天理市,奈良県,天理市,30代,女性,1,5.0,2.0,0.0
奈良県天理市,奈良県,天理市,50代,女性,2,8.0,2.0,0.0
奈良県奈良市,奈良県,奈良市,20代,女性,4,2.75,1.0,0.0
奈良県奈良市,奈良県,奈良市,20代,男性,4,2.25,0.5,0.0
奈良県奈良市,奈良県,奈良市,30代,女性,9,6.444444444444445,3.111111111111111,0.1111111111111111
奈良県奈良市,奈良県,奈良市,30代,男性,3,5.666666666666667,2.0,0.0
奈良県奈良市,奈良県,奈良市,40代,女性,17,3.8823529411764706,2.0588235294117645,0.058823529411764705
奈良県奈良市,奈良県,奈良市,40代,男性,12,5.833333333333333,2.0833333333333335,0.08333333333333333
奈良県奈良市,奈良県,奈良市,50代,女性,29,4.275862068965517,2.5172413793103448,0.034482758620689655
奈良県奈良市,奈良県,奈良市,50代,男性,16,7.6875,2.75,0.0
奈良県奈良市,奈良県,奈良市,60代,女性,17,4.705882352941177,2.411764705882353,0.17647058823529413
奈良県奈良市,奈良県,奈良市,60代,男性,13,3.4615384615384617,1.8461538461538463,0.0
奈良県奈良市,奈良県,奈良市,70歳以上,女性,4,5.5,2.0,0.0
奈良県奈良市,奈良県,奈良市,70歳以上,男性,4,1.75,1.5,0.0
奈良県宇陀郡御杖村,奈良県,宇陀郡御杖村,40代,女性,2,20.0,2.0,0.0
奈良県山辺郡山添村,奈良県,山辺郡山添村,40代,女性,1,2.0,1.0,0.0
奈良県桜井市,奈良県,桜井市,50代,女性,1,1.0,1.0,0.0
奈良県桜井市,奈良県,桜井市,60代,男性,1,7.0,2.0,0.0
奈良県橿原市,奈良県,橿原市,20代,女性,1,32.0,4.0,0.0
奈良県橿原市,奈良県,橿原市,30代,女性,1,11.0,5.0,0.0
奈良県橿原市,奈良県,橿原市,30代,男性,1,7.0,1.0,0.0
奈良県橿原市,奈良県,橿原市,40代,女性,1,7.0,2.0,0.0
奈良県橿原市,奈良県,橿原市,40代,男性,1,4.0,7.0,1.0
奈良県橿原市,奈良県,橿原市,50代,男性,1,3.0,0.0,0.0
奈良県橿原市,奈良県,橿原市,60代,男性,1,13.0,3.0,0.0
奈良県生駒市,奈良県,生駒市,20代,男性,1,2.0,2.0,0.0
奈良県生駒市,奈良県,生駒市,30代,女性,1,3.0,2.0,0.0
奈良県生駒市,奈良県,生駒市,40代,女性,3,8.333333333333334,1.6666666666666667,0.0
奈良県生駒市,奈良県,生駒市,40代,男性,1,3.0,3.0,0.0
奈良県生駒市,奈良県,生駒市,50代,女性,1,6.0,8.0,0.0
奈良県生駒市,奈良県,生駒市,70歳以上,男性,1,39.0,4.0,0.0
奈良県生駒郡三郷町,奈良県,生駒郡三郷町,20代,女性,1,6.0,2.0,0.0
奈良県生駒郡平群町,奈良県,生駒郡平群町,20代,男性,1,29.0,4.0,0.0
奈良県生駒郡平群町,奈良県,生駒郡平群町,60代,女性,1,6.0,2.0,0.0
奈良県生駒郡斑鳩町,奈良県,生駒郡斑鳩町,40代,女性,1,3.0,2.0,0.0
奈良県生駒郡斑鳩町,奈良県,生駒郡斑鳩町,60代,女性,1,5.0,3.0,0.0
奈良県磯城郡田原本町,奈良県,磯城郡田原本町,30代,男性,1,13.0,3.0,0.0
奈良県磯城郡田原本町,奈良県,磯城郡田原本町,70歳以上,男性,1,8.0,2.0,0.0
宮城県仙台市青葉区,宮城県,仙台市青葉区,70歳以上,男性,1,6.0,1.0,0.0
宮崎県宮崎市,宮崎県,宮崎市,50代,男性,1,22.0,2.0,0.0
山口県宇部市,山口県,宇部市,50代,男性,1,3.0,1.0,0.0
山口県山口市,山口県,山口市,30代,女性,2,9.5,0.5,0.0
山口県岩国市,山口県,岩国市,30代,女性,1,17.0,1.0,0.0
山形県上山市,山形県,上山市,50代,女性,1,1.0,2.0,0.0
山形県山形市,山形県,山形市,40代,女性,1,11.0,1.0,0.0
山形県東村山郡山辺町,山形県,東村山郡山辺町,20代,女性,1,3.0,2.0,0.0
山形県鶴岡市,山形県,鶴岡市,20代,女性,1,6.0,2.0,0.0
山梨県中央市,山梨県,中央市,60代,男性,1,121.0,5.0,0.0
山梨県笛吹市,山梨県,笛吹市,40代,女性,1,15.0,3.0,0.0
岐阜県岐阜市,岐阜県,岐阜市,20代,男性,2,4.0,1.0,0.0
岐阜県岐阜市,岐阜県,岐阜市,30代,女性,1,1.0,1.0,0.0
岐阜県岐阜市,岐阜県,岐阜市,70歳以上,女性,1,51.0,8.0,1.0
岡山県岡山市北区,岡山県,岡山市北区,20代,男性,1,1.0,1.0,0.0
岡山県総社市,岡山県,総社市,40代,女性,2,31.0,3.0,0.0
岩手県一関市,岩手県,一関市,50代,女性,1,3.0,1.0,0.0
広島県広島市安佐北区,広島県,広島市安佐北区,20代,男性,1,20.0,0.0,0.0
広島県広島市東区,広島県,広島市東区,20代,男性,1,5.0,1.0,0.0
広島県庄原市,広島県,庄原市,50代,女性,1,5.0,1.0,0.0
広島県廿日市市,広島県,廿日市市,50代,男性,1,3.0,2.0,0.0
広島県福山市,広島県,福山市,40代,男性,1,2.0,3.0,0.0
広島県竹原市,広島県,竹原市,30代,男性,1,3.0,1.0,0.0
徳島県吉野川市,徳島県,吉野川市,20代,男性,1,2.0,1.0,0.0
徳島県徳島市,徳島県,徳島市,20代,女性,2,7.5,1.0,0.0
愛媛県今治市,愛媛県,今治市,20代,女性,1,5.0,0.0,0.0
愛媛県伊予郡松前町,愛媛県,伊予郡松前町,40代,女性,1,1.0,4.0,0.0
愛媛県伊予郡松前町,愛媛県,伊予郡松前町,60代,男性,1,4.0,2.0,0.0
愛媛県松山市,愛媛県,松山市,20代,女性,2,2.5,1.5,0.0
愛媛県松山市,愛媛県,松山市,40代,女性,1,91.0,2.0,0.0
愛媛県松山市,愛媛県,松山市,50代,女性,1,6.0,3.0,0.0
愛媛県越智郡上島町,愛媛県,越智郡上島町,50代,女性,1,15.0,2.0,0.0
愛知県一宮市,愛知県,一宮市,60代,男性,1,28.0,2.0,0.0
愛知県刈谷市,愛知県,刈谷市,50代,女性,1,6.0,2.0,0.0
愛知県半田市,愛知県,半田市,40代,女性,2,8.0,2.0,0.0
愛知県名古屋市中川区,愛知県,名古屋市中川区,20代,女性,1,2.0,0.0,0.0
愛知県名古屋市中村区,愛知県,名古屋市中村区,40代,女性,1,4.0,1.0,0.0
愛知県名古屋市南区,愛知県,名古屋市南区,30代,女性,1,2.0,5.0,0.0
愛知県名古屋市南区,愛知県,名古屋市南区,60代,女性,1,110.0,2.0,1.0
愛知県名古屋市名東区,愛知県,名古屋市名東区,40代,男性,1,1.0,0.0,0.0
愛知県名古屋市天白区,愛知県,名古屋市天白区,40代,男性,1,17.0,5.0,0.0
愛知県名古屋市東区,愛知県,名古屋市東区,20代,女性,1,7.0,1.0,0.0
愛知県尾張旭市,愛知県,尾張旭市,30代,男性,1,7.0,1.0,0.0
愛知県岡崎市,愛知県,岡崎市,20代,男性,1,1.0,1.0,0.0
愛知県稲沢市,愛知県,稲沢市,30代,女性,1,6.0,4.0,0.0
愛知県豊橋市,愛知県,豊橋市,30代,女性,1,2.0,0.0,0.0
新潟県新潟市東区,新潟県,新潟市東区,20代,女性,1,1.0,0.0,0.0
新潟県長岡市,新潟県,長岡市,20代,男性,1,19.0,3.0,0.0
東京都八王子市,東京都,八王子市,40代,男性,1,5.0,1.0,0.0
東京都八王子市,東京都,八王子市,50代,女性,1,5.0,1.0,0.0
東京都北区,東京都,北区,50代,女性,1,2.0,1.0,0.0
東京都千代田区,東京都,千代田区,30代,男性,1,215.0,1.0,0.0
東京都品川区,東京都,品川区,40代,女性,1,3.0,2.0,1.0
東京都墨田区,東京都,墨田区,50代,男性,1,38.0,3.0,0.0
東京都大田区,東京都,大田区,30代,男性,1,5.0,4.0,0.0
東京都新宿区,東京都,新宿区,50代,男性,1,16.0,0.0,0.0
東京都杉並区,東京都,杉並区,40代,女性,1,2.0,3.0,0.0
東京都東村山市,東京都,東村山市,60代,男性,2,8.5,1.0,0.0
東京都江戸川区,東京都,江戸川区,30代,男性,1,4.0,2.0,0.0
東京都港区,東京都,港区,20代,女性,1,4.0,1.0,0.0
東京都港区,東京都,港区,30代,女性,1,195.0,2.0,0.0
東京都港区,東京都,港区,30代,男性,1,3.0,2.0,0.0
東京都目黒区,東京都,目黒区,50代,女性,1,3.0,3.0,0.0
東京都目黒区,東京都,目黒区,60代,男性,1,2.0,0.0,0.0
東京都練馬区,東京都,練馬区,40代,女性,1,2.0,1.0,0.0
東京都羽村市,東京都,羽村市,30代,女性,1,6.0,2.0,0.0
東京都荒川区,東京都,荒川区,30代,女性,1,4.0,0.0,0.0
東京都葛飾区,東京都,葛飾区,20代,女性,1,1.0,0.0,0.0
東京都西東京市,東京都,西東京市,30代,女性,1,1.0,1.0,0.0
東京都西東京市,東京都,西東京市,40代,女性,2,2.0,2.0,0.0
栃木県小山市,栃木県,小山市,20代,女性,1,3.0,0.0,0.0
沖縄県宜野湾市,沖縄県,宜野湾市,30代,女性,1,4.0,3.0,0.0
沖縄県島尻郡伊是名村,沖縄県,島尻郡伊是名村,60代,女性,1,3.0,5.0,0.0
滋賀県大津市,滋賀県,大津市,20代,女性,10,4.2,1.7,0.1
滋賀県大津市,滋賀県,大津市,20代,男性,12,2.5833333333333335,1.25,0.0
滋賀県大津市,滋賀県,大津市,30代,女性,18,3.388888888888889,1.8888888888888888,0.16666666666666666
滋賀県大津市,滋賀県,大津市,30代,男性,13,4.615384615384615,2.4615384615384617,0.0
滋賀県大津市,滋賀県,大津市,40代,女性,13,5.769230769230769,2.1538461538461537,0.07692307692307693
滋賀県大津市,滋賀県,大津市,40代,男性,19,5.157894736842105,2.1578947368421053,0.10526315789473684
滋賀県大津市,滋賀県,大津市,50代,女性,41,4.536585365853658,1.951219512195122,0.0975609756097561
滋賀県大津市,滋賀県,大津市,50代,男性,15,4.066666666666666,3.2,0.06666666666666667
滋賀県大津市,滋賀県,大津市,60代,女性,28,3.107142857142857,2.2857142857142856,0.0
滋賀県大津市,滋賀県,大津市,60代,男性,10,4.5,2.0,0.1
滋賀県大津市,滋賀県,大津市,70歳以上,女性,2,7.5,3.5,1.0
滋賀県大津市,滋賀県,大津市,70歳以上,男性,5,9.6,1.4,0.0
滋賀県守山市,滋賀県,守山市,20代,女性,1,1.0,1.0,0.0
滋賀県守山市,滋賀県,守山市,30代,男性,3,6.666666666666667,5.0,0.3333333333333333
滋賀県守山市,滋賀県,守山市,40代,女性,1,7.0,3.0,0.0
滋賀県守山市,滋賀県,守山市,50代,女性,2,3.5,3.0,0.0
滋賀県守山市,滋賀県,守山市,60代,男性,1,7.0,1.0,0.0
滋賀県彦根市,滋賀県,彦根市,20代,女性,2,3.5,1.0,0.0
滋賀県彦根市,滋賀県,彦根市,20代,男性,1,3.0,1.0,0.0
滋賀県彦根市,滋賀県,彦根市,30代,女性,2,6.5,0.0,0.0
滋賀県彦根市,滋賀県,彦根市,30代,男性,1,9.0,0.0,0.0
滋賀県彦根市,滋賀県,彦根市,40代,女性,1,5.0,2.0,0.0
滋賀県彦根市,滋賀県,彦根市,40代,男性,1,3.0,2.0,0.0
滋賀県彦根市,滋賀県,彦根市,60代,女性,1,17.0,1.0,0.0
滋賀県東近江市,滋賀県,東近江市,30代,男性,1,5.0,8.0,0.0
滋賀県東近江市,滋賀県,東近江市,40代,女性,2,6.5,2.5,0.0
滋賀県栗東市,滋賀県,栗東市,20代,女性,1,4.0,2.0,0.0
滋賀県栗東市,滋賀県,栗東市,30代,男性,2,11.0,2.0,0.0
滋賀県栗東市,滋賀県,栗東市,50代,女性,2,6.5,3.0,0.0
滋賀県栗東市,滋賀県,栗東市,60代,男性,1,7.0,3.0,0.0
滋賀県湖南市,滋賀県,湖南市,40代,女性,1,9.0,6.0,0.0
滋賀県湖南市,滋賀県,湖南市,50代,女性,1,12.0,2.0,0.0
滋賀県甲賀市,滋賀県,甲賀市,20代,女性,1,4.0,4.0,0.0
滋賀県甲賀市,滋賀県,甲賀市,30代,女性,2,1.5,2.5,0.0
滋賀県甲賀市,滋賀県,甲賀市,50代,男性,1,6.0,2.0,0.0
滋賀県米原市,滋賀県,米原市,50代,女性,1,5.0,1.0,0.0
滋賀県米原市,滋賀県,米原市,60代,男性,1,2.0,1.0,1.0
滋賀県草津市,滋賀県,草津市,20代,女性,3,7.333333333333333,0.6666666666666666,0.0
滋賀県草津市,滋賀県,草津市,20代,男性,1,1.0,0.0,0.0
滋賀県草津市,滋賀県,草津市,30代,男性,2,5.0,1.5,0.0
滋賀県草津市,滋賀県,草津市,40代,女性,4,6.0,2.25,0.0
滋賀県草津市,滋賀県,草津市,40代,男性,2,4.0,1.0,0.0
滋賀県草津市,滋賀県,草津市,50代,女性,6,4.0,2.1666666666666665,0.0
滋賀県草津市,滋賀県,草津市,50代,男性,1,21.0,2.0,0.0
滋賀県草津市,滋賀県,草津市,60代,女性,1,2.0,2.0,1.0
滋賀県草津市,滋賀県,草津市,70歳以上,女性,2,4.0,2.0,0.0
滋賀県草津市,滋賀県,草津市,70歳以上,男性,1,2.0,1.0,0.0
滋賀県近江八幡市,滋賀県,近江八幡市,20代,女性,1,5.0,1.0,0.0
滋賀県近江八幡市,滋賀県,近江八幡市,40代,女性,1,1.0,1.0,0.0
滋賀県近江八幡市,滋賀県,近江八幡市,50代,女性,2,3.0,2.0,0.0
滋賀県野洲市,滋賀県,野洲市,20代,女性,1,18.0,2.0,0.0
滋賀県野洲市,滋賀県,野洲市,40代,女性,3,6.666666666666667,3.0,0.0
滋賀県野洲市,滋賀県,野洲市,40代,男性,1,4.0,3.0,0.0
滋賀県野洲市,滋賀県,野洲市,50代,女性,1,2.0,2.0,0.0
滋賀県野洲市,滋賀県,野洲市,50代,男性,1,8.0,4.0,0.0
滋賀県長浜市,滋賀県,長浜市,30代,男性,1,5.0,2.0,0.0
滋賀県高島市,滋賀県,高島市,20代,女性,2,5.0,2.5,0.0
滋賀県高島市,滋賀県,高島市,40代,男性,1,3.0,1.0,0.0
滋賀県高島市,滋賀県,高島市,50代,男性,1,3.0,0.0,0.0
滋賀県高島市,滋賀県,高島市,70歳以上,男性,1,7.0,3.0,0.0
熊本県合志市,熊本県,合志市,20代,男性,1,19.0,0.0,0.0
熊本県水俣市,熊本県,水俣市,50代,女性,1,6.0,2.0,0.0
熊本県水俣市,熊本県,水俣市,60代,女性,1,4.0,1.0,0.0
熊本県熊本市南区,熊本県,熊本市南区,20代,男性,1,29.0,1.0,0.0
熊本県熊本市西区,熊本県,熊本市西区,20代,女性,1,6.0,2.0,0.0
熊本県葦北郡芦北町,熊本県,葦北郡芦北町,50代,女性,1,8.0,2.0,0.0
石川県加賀市,石川県,加賀市,20代,男性,1,2.0,1.0,0.0
石川県加賀市,石川県,加賀市,50代,男性,1,5.0,0.0,0.0
石川県小松市,石川県,小松市,50代,女性,1,3.0,1.0,0.0
石川県羽咋市,石川県,羽咋市,50代,女性,1,8.0,6.0,0.0
石川県金沢市,石川県,金沢市,20代,女性,1,5.0,1.0,0.0
石川県金沢市,石川県,金沢市,40代,男性,1,5.0,0.0,0.0
神奈川県小田原市,神奈川県,小田原市,40代,女性,1,6.0,0.0,0.0
神奈川県川崎市多摩区,神奈川県,川崎市多摩区,30代,女性,2,1.5,0.5,0.5
神奈川県川崎市宮前区,神奈川県,川崎市宮前区,20代,女性,1,1.0,1.0,0.0
神奈川県川崎市川崎区,神奈川県,川崎市川崎区,30代,男性,1,65.0,2.0,0.0
神奈川県川崎市川崎区,神奈川県,川崎市川崎区,50代,女性,1,11.0,2.0,0.0
神奈川県平塚市,神奈川県,平塚市,40代,男性,1,30.0,5.0,0.0
神奈川県横浜市南区,神奈川県,横浜市南区,30代,女性,1,10.0,0.0,0.0
神奈川県横浜市南区,神奈川県,横浜市南区,70歳以上,男性,1,134.0,2.0,0.0
神奈川県横浜市栄区,神奈川県,横浜市栄区,40代,女性,1,12.0,5.0,0.0
神奈川県横浜市磯子区,神奈川県,横浜市磯子区,40代,男性,1,3.0,2.0,0.0
神奈川県横浜市西区,神奈川県,横浜市西区,50代,女性,1,2.0,1.0,0.0
神奈川県横浜市金沢区,神奈川県,横浜市金沢区,30代,女性,1,15.0,1.0,0.0
神奈川県横浜市青葉区,神奈川県,横浜市青葉区,20代,女性,1,3.0,0.0,0.0
神奈川県横浜市青葉区,神奈川県,横浜市青葉区,30代,女性,1,41.0,1.0,0.0
神奈川県横須賀市,神奈川県,横須賀市,50代,男性,1,2.0,1.0,0.0
神奈川県藤沢市,神奈川県,藤沢市,20代,女性,1,7.0,0.0,0.0
神奈川県鎌倉市,神奈川県,鎌倉市,60代,男性,1,1.0,1.0,0.0
福井県あわら市,福井県,あわら市,30代,男性,1,2.0,1.0,0.0
福井県三方上中郡若狭町,福井県,三方上中郡若狭町,20代,女性,1,4.0,3.0,0.0
福井県大野市,福井県,大野市,50代,女性,1,7.0,4.0,0.0
福井県大飯郡おおい町,福井県,大飯郡おおい町,40代,女性,1,14.0,1.0,0.0
福井県大飯郡高浜町,福井県,大飯郡高浜町,20代,男性,1,5.0,1.0,0.0
福井県大飯郡高浜町,福井県,大飯郡高浜町,30代,女性,1,2.0,1.0,0.0
福井県大飯郡高浜町,福井県,大飯郡高浜町,40代,男性,2,2.0,1.5,0.0
福井県大飯郡高浜町,福井県,大飯郡高浜町,60代,女性,2,2.0,1.0,0.0
福井県小浜市,福井県,小浜市,30代,女性,1,5.0,2.0,0.0
福井県小浜市,福井県,小浜市,70歳以上,女性,1,2.0,0.0,0.0
福井県敦賀市,福井県,敦賀市,20代,男性,2,1.0,0.5,0.0
福井県福井市,福井県,福井市,20代,女性,1,10.0,1.0,0.0
福岡県大野城市,福岡県,大野城市,30代,女性,1,25.0,1.0,0.0
福岡県春日市,福岡県,春日市,30代,女性,1,50.0,3.0,1.0
福岡県春日市,福岡県,春日市,50代,男性,1,23.0,3.0,0.0
福岡県福岡市早良区,福岡県,福岡市早良区,70歳以上,男性,1,7.0,1.0,0.0
福岡県福岡市東区,福岡県,福岡市東区,50代,女性,1,9.0,2.0,0.0
福岡県福岡市西区,福岡県,福岡市西区,30代,女性,1,1.0,1.0,0.0
福岡県糸島市,福岡県,糸島市,20代,女性,1,6.0,2.0,0.0
福岡県糸島市,福岡県,糸島市,70歳以上,男性,1,11.0,2.0,0.0
福島県いわき市,福島県,いわき市,20代,男性,1,6.0,0.0,0.0
福島県伊達市,福島県,伊達市,60代,女性,1,3.0,3.0,0.0
秋田県大仙市,秋田県,大仙市,40代,男性,1,9.0,5.0,0.0
秋田県由利本荘市,秋田県,由利本荘市,30代,女性,1,2.0,1.0,0.0
秋田県秋田市,秋田県,秋田市,50代,男性,1,16.0,11.0,0.0
群馬県伊勢崎市,群馬県,伊勢崎市,50代,女性,1,2.0,1.0,1.0
群馬県伊勢崎市,群馬県,伊勢崎市,50代,男性,1,9.0,2.0,0.0
群馬県北群馬郡榛東村,群馬県,北群馬郡榛東村,60代,男性,1,192.0,4.0,0.0
群馬県桐生市,群馬県,桐生市,60代,女性,1,3.0,2.0,0.0
群馬県高崎市,群馬県,高崎市,40代,男性,2,39.5,4.0,0.0
茨城県取手市,茨城県,取手市,50代,女性,1,5.0,5.0,0.0
茨城県結城郡八千代町,茨城県,結城郡八千代町,70歳以上,男性,1,4.0,1.0,0.0
長崎県大村市,長崎県,大村市,20代,女性,1,1.0,1.0,0.0
長崎県長崎市,長崎県,長崎市,20代,女性,1,2.0,1.0,0.0
長崎県長崎市,長崎県,長崎市,50代,男性,1,24.0,2.0,1.0
長野県松本市,長野県,松本市,60代,女性,1,18.0,1.0,0.0
長野県松本市,長野県,松本市,70歳以上,女性,1,9.0,2.0,1.0
青森県八戸市,青森県,八戸市,50代,男性,1,14.0,3.0,0.0
静岡県富士市,静岡県,富士市,40代,男性,1,2.0,2.0,0.0
静岡県浜松市浜北区,静岡県,浜松市浜北区,40代,女性,1,2.0,1.0,0.0
静岡県焼津市,静岡県,焼津市,30代,女性,1,1.0,0.0,0.0
静岡県静岡市葵区,静岡県,静岡市葵区,30代,男性,1,1.0,1.0,0.0
静岡県静岡市駿河区,静岡県,静岡市駿河区,20代,女性,2,5.5,0.0,0.0
香川県高松市,香川県,高松市,20代,男性,1,11.0,4.0,0.0
香川県高松市,香川県,高松市,40代,男性,1,4.0,2.0,0.0
香川県高松市,香川県,高松市,60代,男性,1,2.0,1.0,0.0
高知県高知市,高知県,高知市,20代,男性,1,19.0,0.0,0.0
高知県高知市,高知県,高知市,40代,男性,1,43.0,18.0,0.0
鹿児島県伊佐市,鹿児島県,伊佐市,50代,女性,1,1.0,1.0,0.0
鹿児島県大島郡天城町,鹿児島県,大島郡天城町,60代,女性,1,2.0,2.0,0.0
鹿児島県鹿児島市,鹿児島県,鹿児島市,30代,男性,1,7.0,2.0,0.0
鹿児島県鹿児島市,鹿児島県,鹿児島市,40代,女性,1,2.0,1.0,0.0
鹿児島県鹿児島市,鹿児島県,鹿児島市,60代,女性,1,56.0,6.0,1.0
