ID,性別,年齢,年齢バケット,居住地_都道府県,居住地_市区町村
ID_1,女性,50,50代,栃木県,宇都宮市
ID_2,女性,52,50代,茨城県,結城市
ID_3,女性,45,40代,静岡県,浜松市中央区
ID_4,男性,64,60代,栃木県,那須塩原市
ID_5,女性,31,30代,群馬県,館林市
ID_6,男性,30,30代,埼玉県,越谷市
ID_7,女性,50,50代,大阪府,泉南市
ID_8,女性,43,40代,栃木県,宇都宮市
ID_9,女性,43,40代,埼玉県,川越市
ID_10,女性,42,40代,栃木県,栃木市
ID_11,男性,61,60代,栃木県,足利市
ID_12,女性,23,20代,栃木県,那須塩原市
ID_13,女性,64,60代,栃木県,宇都宮市
ID_14,女性,61,60代,群馬県,邑楽郡邑楽町
ID_15,女性,23,20代,群馬県,邑楽郡邑楽町
ID_16,男性,51,50代,茨城県,古河市
ID_17,女性,25,20代,栃木県,小山市
ID_18,女性,57,50代,栃木県,足利市
ID_19,女性,43,40代,群馬県,館林市
ID_20,女性,58,50代,群馬県,桐生市
ID_21,女性,62,60代,茨城県,古河市
ID_22,女性,38,30代,栃木県,栃木市
ID_23,男性,61,60代,栃木県,日光市
ID_24,女性,70,70歳以上,栃木県,小山市
ID_25,女性,53,50代,栃木県,宇都宮市
ID_26,女性,60,60代,埼玉県,加須市
ID_27,女性,46,40代,栃木県,足利市
ID_28,男性,52,50代,埼玉県,久喜市
ID_29,女性,47,40代,群馬県,伊勢崎市
ID_30,女性,49,40代,栃木県,芳賀郡益子町
ID_31,女性,75,70歳以上,栃木県,佐野市
ID_32,女性,48,40代,茨城県,古河市
ID_33,女性,54,50代,栃木県,栃木市
ID_34,女性,46,40代,栃木県,足利市
ID_35,女性,48,40代,栃木県,宇都宮市
ID_36,女性,44,40代,群馬県,太田市
ID_37,女性,39,30代,栃木県,下都賀郡壬生町
ID_38,男性,47,40代,埼玉県,越谷市
ID_39,男性,50,50代,茨城県,古河市
ID_40,男性,51,50代,群馬県,伊勢崎市
ID_41,女性,43,40代,群馬県,邑楽郡大泉町
ID_42,女性,52,50代,福島県,郡山市
ID_43,女性,42,40代,茨城県,つくば市
ID_44,男性,32,30代,栃木県,那須郡那須町
ID_45,女性,57,50代,群馬県,太田市
ID_46,男性,29,20代,群馬県,館林市
ID_47,男性,53,50代,福島県,須賀川市
ID_48,男性,30,30代,栃木県,宇都宮市
ID_49,男性,48,40代,栃木県,日光市
ID_50,男性,39,30代,群馬県,太田市
ID_51,女性,48,40代,栃木県,宇都宮市
ID_52,男性,46,40代,愛媛県,松山市
ID_53,女性,53,50代,栃木県,下都賀郡野木町
ID_54,男性,52,50代,埼玉県,春日部市
ID_55,女性,56,50代,栃木県,小山市
ID_56,男性,55,50代,東京都,中央区
ID_57,女性,26,20代,栃木県,足利市
ID_58,男性,29,20代,栃木県,那須塩原市
ID_59,女性,45,40代,栃木県,宇都宮市
ID_60,女性,31,30代,神奈川県,横浜市青葉区
ID_61,女性,44,40代,福島県,西白河郡西郷村
ID_62,女性,27,20代,茨城県,古河市
ID_63,男性,49,40代,栃木県,宇都宮市
ID_64,男性,70,70歳以上,栃木県,小山市
ID_65,男性,64,60代,群馬県,北群馬郡榛東村
ID_66,女性,24,20代,栃木県,栃木市
ID_67,男性,38,30代,栃木県,宇都宮市
ID_68,女性,70,70歳以上,栃木県,鹿沼市
ID_69,女性,30,30代,茨城県,古河市
ID_70,女性,59,50代,栃木県,佐野市
ID_71,女性,53,50代,群馬県,伊勢崎市
ID_72,男性,43,40代,栃木県,日光市
ID_73,女性,52,50代,茨城県,古河市
ID_74,女性,20,20代,栃木県,那須塩原市
ID_75,男性,51,50代,福島県,福島市
ID_76,男性,46,40代,栃木県,小山市
ID_77,女性,74,70歳以上,群馬県,太田市
ID_78,女性,49,40代,栃木県,河内郡上三川町
ID_79,男性,39,30代,埼玉県,羽生市
ID_80,女性,47,40代,栃木県,日光市
ID_81,女性,60,60代,群馬県,伊勢崎市
ID_82,女性,53,50代,栃木県,足利市
ID_83,女性,34,30代,茨城県,結城市
ID_84,女性,35,30代,栃木県,佐野市
ID_85,女性,37,30代,群馬県,館林市
ID_86,男性,43,40代,千葉県,松戸市
ID_87,女性,45,40代,栃木県,佐野市
ID_88,女性,36,30代,栃木県,宇都宮市
ID_89,男性,50,50代,栃木県,佐野市
ID_90,女性,53,50代,栃木県,佐野市
ID_91,女性,53,50代,栃木県,足利市
ID_92,女性,45,40代,群馬県,伊勢崎市
ID_93,女性,40,40代,栃木県,小山市
ID_94,男性,52,50代,茨城県,つくば市
ID_95,女性,39,30代,栃木県,那須郡那珂川町
ID_96,女性,58,50代,栃木県,宇都宮市
ID_97,男性,44,40代,栃木県,矢板市
ID_98,女性,62,60代,栃木県,足利市
ID_99,女性,60,60代,栃木県,下野市
ID_100,女性,49,40代,栃木県,鹿沼市
ID_101,女性,44,40代,栃木県,真岡市
ID_102,男性,28,20代,栃木県,那須郡那珂川町
ID_103,男性,30,30代,栃木県,小山市
ID_104,女性,23,20代,栃木県,那須塩原市
ID_105,男性,40,40代,群馬県,みどり市
ID_106,女性,32,30代,栃木県,大田原市
ID_107,女性,31,30代,茨城県,古河市
ID_108,男性,51,50代,栃木県,宇都宮市
ID_109,女性,39,30代,栃木県,宇都宮市
ID_110,男性,42,40代,栃木県,那須郡那珂川町
ID_111,女性,44,40代,栃木県,佐野市
ID_112,男性,39,30代,栃木県,足利市
ID_113,女性,51,50代,茨城県,結城市
ID_114,女性,31,30代,栃木県,宇都宮市
ID_115,女性,58,50代,群馬県,館林市
ID_116,女性,53,50代,栃木県,足利市
ID_117,男性,53,50代,栃木県,鹿沼市
ID_118,女性,46,40代,栃木県,宇都宮市
ID_119,男性,29,20代,栃木県,小山市
ID_120,女性,34,30代,栃木県,那須塩原市
ID_121,女性,39,30代,群馬県,館林市
ID_122,女性,19,20代,栃木県,日光市
ID_123,男性,51,50代,茨城県,筑西市
ID_124,女性,36,30代,栃木県,宇都宮市
ID_125,男性,48,40代,群馬県,高崎市
ID_126,女性,29,20代,栃木県,足利市
ID_127,女性,21,20代,埼玉県,三郷市
ID_128,男性,60,60代,福島県,白河市
ID_129,女性,63,60代,福島県,白河市
ID_130,男性,43,40代,栃木県,日光市
ID_131,女性,51,50代,栃木県,宇都宮市
ID_132,男性,42,40代,栃木県,宇都宮市
ID_133,女性,48,40代,栃木県,塩谷郡高根沢町
ID_134,女性,58,50代,埼玉県,加須市
ID_135,女性,42,40代,栃木県,那須郡那須町
ID_136,男性,51,50代,茨城県,古河市
ID_137,女性,55,50代,群馬県,太田市
ID_138,男性,57,50代,茨城県,結城市
ID_139,男性,38,30代,群馬県,藤岡市
ID_140,女性,58,50代,福島県,南会津郡南会津町
ID_141,女性,32,30代,栃木県,宇都宮市
ID_142,女性,62,60代,茨城県,結城市
ID_143,女性,45,40代,栃木県,足利市
ID_144,女性,46,40代,栃木県,宇都宮市
ID_145,女性,37,30代,栃木県,小山市
ID_146,女性,23,20代,群馬県,伊勢崎市
ID_147,男性,54,50代,栃木県,宇都宮市
ID_148,女性,43,40代,栃木県,宇都宮市
ID_149,男性,63,60代,長野県,佐久市
ID_150,男性,41,40代,群馬県,前橋市
ID_151,女性,45,40代,栃木県,宇都宮市
ID_152,男性,49,40代,栃木県,矢板市
ID_153,女性,36,30代,栃木県,小山市
ID_154,女性,33,30代,栃木県,宇都宮市
ID_155,女性,41,40代,栃木県,鹿沼市
ID_156,女性,31,30代,栃木県,宇都宮市
ID_157,女性,49,40代,栃木県,宇都宮市
ID_158,女性,60,60代,栃木県,小山市
ID_159,女性,61,60代,栃木県,下都賀郡野木町
ID_160,男性,59,50代,栃木県,佐野市
ID_161,男性,44,40代,栃木県,足利市
ID_162,女性,51,50代,栃木県,那須塩原市
ID_163,女性,56,50代,栃木県,小山市
ID_164,女性,47,40代,栃木県,塩谷郡高根沢町
ID_165,女性,42,40代,栃木県,那須塩原市
ID_166,女性,31,30代,茨城県,古河市
ID_167,女性,39,30代,栃木県,大田原市
ID_168,男性,48,40代,群馬県,桐生市
ID_169,男性,60,60代,栃木県,宇都宮市
ID_170,女性,46,40代,栃木県,栃木市
ID_171,女性,38,30代,栃木県,那須塩原市
ID_172,女性,34,30代,栃木県,日光市
ID_173,男性,36,30代,群馬県,邑楽郡邑楽町
ID_174,女性,30,30代,埼玉県,春日部市
ID_175,男性,37,30代,茨城県,筑西市
ID_176,男性,46,40代,栃木県,足利市
ID_177,女性,41,40代,栃木県,栃木市
ID_178,男性,44,40代,栃木県,小山市
ID_179,男性,50,50代,栃木県,小山市
ID_180,男性,69,60代,栃木県,日光市
ID_181,女性,57,50代,栃木県,足利市
ID_182,女性,39,30代,栃木県,宇都宮市
ID_183,女性,31,30代,栃木県,宇都宮市
ID_184,男性,51,50代,群馬県,佐波郡玉村町
ID_185,女性,51,50代,栃木県,宇都宮市
ID_186,女性,45,40代,栃木県,宇都宮市
ID_187,女性,46,40代,栃木県,那須郡那須町
ID_188,男性,29,20代,栃木県,鹿沼市
ID_189,女性,28,20代,栃木県,鹿沼市
ID_190,男性,29,20代,栃木県,宇都宮市
ID_191,女性,67,60代,栃木県,宇都宮市
ID_192,女性,20,20代,栃木県,那須塩原市
ID_193,男性,48,40代,埼玉県,久喜市
ID_194,男性,48,40代,栃木県,真岡市
ID_195,女性,47,40代,栃木県,下都賀郡壬生町
ID_196,女性,53,50代,栃木県,小山市
ID_197,女性,55,50代,栃木県,足利市
ID_198,男性,63,60代,宮崎県,北諸県郡三股町
ID_199,女性,52,50代,栃木県,那須塩原市
ID_200,女性,62,60代,栃木県,鹿沼市
ID_201,女性,40,40代,栃木県,宇都宮市
ID_202,女性,48,40代,栃木県,佐野市
ID_203,女性,47,40代,茨城県,結城市
ID_204,女性,67,60代,栃木県,宇都宮市
ID_205,男性,41,40代,茨城県,古河市
ID_206,男性,30,30代,栃木県,宇都宮市
ID_207,男性,41,40代,愛知県,豊明市
ID_208,女性,29,20代,栃木県,矢板市
ID_209,女性,33,30代,栃木県,佐野市
ID_210,女性,24,20代,栃木県,下都賀郡野木町
ID_211,女性,48,40代,栃木県,栃木市
ID_212,女性,47,40代,栃木県,小山市
ID_213,女性,57,50代,栃木県,小山市
ID_214,女性,31,30代,栃木県,鹿沼市
ID_215,女性,57,50代,群馬県,邑楽郡邑楽町
ID_216,女性,33,30代,栃木県,宇都宮市
ID_217,女性,31,30代,栃木県,宇都宮市
ID_218,男性,54,50代,栃木県,那須塩原市
ID_219,男性,45,40代,福島県,会津若松市
ID_220,女性,63,60代,栃木県,那須塩原市
ID_221,女性,44,40代,栃木県,下都賀郡壬生町
ID_222,男性,34,30代,栃木県,塩谷郡高根沢町
ID_223,女性,39,30代,栃木県,宇都宮市
ID_224,女性,25,20代,栃木県,栃木市
ID_225,女性,26,20代,栃木県,足利市
ID_226,女性,62,60代,栃木県,宇都宮市
ID_227,女性,33,30代,栃木県,宇都宮市
ID_228,女性,35,30代,栃木県,佐野市
ID_229,女性,27,20代,栃木県,宇都宮市
ID_230,女性,34,30代,栃木県,矢板市
ID_231,女性,32,30代,栃木県,宇都宮市
ID_232,女性,52,50代,栃木県,宇都宮市
ID_233,男性,40,40代,栃木県,小山市
ID_234,女性,33,30代,栃木県,宇都宮市
ID_235,女性,53,50代,栃木県,芳賀郡茂木町
ID_236,男性,19,20代,栃木県,鹿沼市
ID_237,女性,38,30代,茨城県,結城市
ID_238,男性,35,30代,栃木県,小山市
ID_239,女性,43,40代,群馬県,桐生市
ID_240,女性,47,40代,福島県,西白河郡西郷村
ID_241,男性,44,40代,群馬県,太田市
ID_242,女性,31,30代,栃木県,大田原市
ID_243,女性,61,60代,栃木県,足利市
ID_244,女性,60,60代,栃木県,宇都宮市
ID_245,女性,24,20代,栃木県,真岡市
ID_246,女性,17,20代,栃木県,さくら市
ID_247,男性,52,50代,栃木県,日光市
ID_248,男性,37,30代,兵庫県,神戸市長田区
ID_249,女性,42,40代,栃木県,宇都宮市
ID_250,女性,37,30代,栃木県,小山市
ID_251,女性,53,50代,栃木県,宇都宮市
ID_252,女性,56,50代,栃木県,下都賀郡壬生町
ID_253,男性,43,40代,栃木県,さくら市
ID_254,女性,47,40代,栃木県,宇都宮市
ID_255,女性,43,40代,栃木県,栃木市
ID_256,男性,30,30代,栃木県,鹿沼市
ID_257,男性,37,30代,群馬県,太田市
ID_258,女性,39,30代,栃木県,宇都宮市
ID_259,女性,32,30代,栃木県,さくら市
ID_260,男性,51,50代,栃木県,宇都宮市
ID_261,女性,52,50代,茨城県,古河市
ID_262,女性,31,30代,栃木県,さくら市
ID_263,女性,29,20代,栃木県,足利市
ID_264,女性,43,40代,栃木県,栃木市
ID_265,女性,52,50代,栃木県,宇都宮市
ID_266,女性,39,30代,栃木県,大田原市
ID_267,男性,25,20代,埼玉県,ふじみ野市
ID_268,男性,38,30代,栃木県,足利市
ID_269,男性,40,40代,栃木県,宇都宮市
ID_270,女性,33,30代,栃木県,鹿沼市
ID_271,女性,23,20代,栃木県,佐野市
ID_272,男性,64,60代,栃木県,小山市
ID_273,女性,54,50代,栃木県,足利市
ID_274,女性,30,30代,栃木県,鹿沼市
ID_275,女性,37,30代,栃木県,宇都宮市
ID_276,女性,51,50代,栃木県,宇都宮市
ID_277,女性,37,30代,栃木県,栃木市
ID_278,男性,47,40代,群馬県,みどり市
ID_279,女性,57,50代,群馬県,邑楽郡明和町
ID_280,男性,55,50代,群馬県,桐生市
ID_281,男性,32,30代,栃木県,宇都宮市
ID_282,男性,54,50代,群馬県,邑楽郡邑楽町
ID_283,女性,57,50代,栃木県,宇都宮市
ID_284,女性,27,20代,栃木県,さくら市
ID_285,女性,55,50代,栃木県,さくら市
ID_286,女性,50,50代,埼玉県,行田市
ID_287,男性,40,40代,栃木県,栃木市
ID_288,女性,56,50代,栃木県,下野市
ID_289,女性,27,20代,栃木県,矢板市
ID_290,女性,32,30代,栃木県,那須塩原市
ID_291,女性,25,20代,栃木県,宇都宮市
ID_292,女性,59,50代,栃木県,矢板市
ID_293,女性,28,20代,栃木県,那須塩原市
ID_294,男性,40,40代,大分県,大分市
ID_295,男性,24,20代,東京都,北区
ID_296,女性,50,50代,栃木県,宇都宮市
ID_297,男性,31,30代,群馬県,吾妻郡東吾妻町
ID_298,男性,25,20代,栃木県,宇都宮市
ID_299,男性,52,50代,栃木県,真岡市
ID_300,女性,43,40代,栃木県,宇都宮市
ID_301,女性,46,40代,茨城県,古河市
ID_302,女性,43,40代,群馬県,邑楽郡邑楽町
ID_303,女性,48,40代,栃木県,宇都宮市
ID_304,女性,34,30代,栃木県,塩谷郡高根沢町
ID_305,女性,36,30代,栃木県,芳賀郡市貝町
ID_306,男性,62,60代,栃木県,宇都宮市
ID_307,女性,21,20代,栃木県,宇都宮市
ID_308,女性,54,50代,栃木県,那須塩原市
ID_309,男性,60,60代,茨城県,古河市
ID_310,女性,31,30代,栃木県,宇都宮市
ID_311,男性,28,20代,栃木県,宇都宮市
ID_312,男性,41,40代,栃木県,足利市
ID_313,女性,66,60代,栃木県,宇都宮市
ID_314,男性,36,30代,栃木県,さくら市
ID_315,女性,31,30代,栃木県,宇都宮市
ID_316,男性,43,40代,栃木県,佐野市
ID_317,男性,33,30代,栃木県,芳賀郡茂木町
ID_318,女性,59,50代,栃木県,足利市
ID_319,男性,33,30代,栃木県,那須塩原市
ID_320,女性,28,20代,栃木県,宇都宮市
ID_321,女性,29,20代,栃木県,那須塩原市
ID_322,男性,54,50代,栃木県,下都賀郡壬生町
ID_323,女性,35,30代,栃木県,宇都宮市
ID_324,女性,42,40代,栃木県,那須塩原市
ID_325,男性,37,30代,栃木県,大田原市
ID_326,女性,51,50代,栃木県,足利市
ID_327,男性,51,50代,埼玉県,深谷市
ID_328,男性,53,50代,埼玉県,大里郡寄居町
ID_329,女性,58,50代,栃木県,宇都宮市
ID_330,女性,48,40代,栃木県,下野市
ID_331,女性,43,40代,栃木県,日光市
ID_332,男性,42,40代,栃木県,宇都宮市
ID_333,女性,42,40代,愛媛県,松山市
ID_334,男性,40,40代,栃木県,宇都宮市
ID_335,女性,48,40代,栃木県,佐野市
ID_336,女性,46,40代,栃木県,下野市
ID_337,女性,49,40代,栃木県,下野市
ID_338,女性,20,20代,栃木県,矢板市
ID_339,男性,45,40代,東京都,武蔵野市
ID_340,男性,39,30代,栃木県,佐野市
ID_341,女性,29,20代,栃木県,足利市
ID_342,男性,45,40代,栃木県,宇都宮市
ID_343,女性,39,30代,群馬県,太田市
ID_344,女性,23,20代,栃木県,塩谷郡高根沢町
ID_345,女性,42,40代,栃木県,宇都宮市
ID_346,男性,44,40代,栃木県,小山市
ID_347,男性,46,40代,栃木県,日光市
ID_348,女性,55,50代,栃木県,宇都宮市
ID_349,男性,49,40代,群馬県,桐生市
ID_350,男性,26,20代,栃木県,佐野市
ID_351,女性,62,60代,栃木県,佐野市
ID_352,女性,49,40代,栃木県,さくら市
ID_353,女性,51,50代,栃木県,鹿沼市
ID_354,女性,53,50代,栃木県,小山市
ID_355,女性,51,50代,群馬県,邑楽郡大泉町
ID_356,男性,35,30代,栃木県,足利市
ID_357,女性,50,50代,栃木県,鹿沼市
ID_358,女性,31,30代,栃木県,塩谷郡高根沢町
ID_359,女性,39,30代,栃木県,足利市
ID_360,女性,33,30代,栃木県,宇都宮市
ID_361,女性,22,20代,栃木県,小山市
ID_362,女性,45,40代,栃木県,宇都宮市
ID_363,男性,60,60代,群馬県,太田市
ID_364,男性,50,50代,栃木県,小山市
ID_365,女性,25,20代,栃木県,宇都宮市
ID_366,女性,48,40代,栃木県,小山市
ID_367,女性,48,40代,栃木県,宇都宮市
ID_368,女性,46,40代,栃木県,日光市
ID_369,男性,69,60代,栃木県,足利市
ID_370,女性,41,40代,茨城県,古河市
ID_371,女性,46,40代,栃木県,足利市
ID_372,男性,47,40代,茨城県,桜川市
ID_373,男性,36,30代,栃木県,下野市
ID_374,男性,67,60代,群馬県,太田市
ID_375,女性,58,50代,栃木県,宇都宮市
ID_376,女性,25,20代,栃木県,宇都宮市
ID_377,女性,47,40代,栃木県,宇都宮市
ID_378,女性,37,30代,茨城県,筑西市
ID_379,女性,53,50代,栃木県,宇都宮市
ID_380,女性,26,20代,栃木県,小山市
ID_381,女性,48,40代,栃木県,河内郡上三川町
ID_382,女性,55,50代,栃木県,宇都宮市
ID_383,女性,26,20代,栃木県,那須烏山市
ID_384,女性,65,60代,栃木県,小山市
ID_385,女性,26,20代,茨城県,古河市
ID_386,女性,37,30代,栃木県,宇都宮市
ID_387,男性,39,30代,栃木県,真岡市
ID_388,女性,29,20代,東京都,品川区
ID_389,男性,42,40代,栃木県,塩谷郡高根沢町
ID_390,女性,22,20代,福島県,いわき市
ID_391,女性,46,40代,埼玉県,熊谷市
ID_392,男性,45,40代,福島県,須賀川市
ID_393,女性,37,30代,栃木県,宇都宮市
ID_394,女性,55,50代,栃木県,大田原市
ID_395,男性,44,40代,栃木県,鹿沼市
ID_396,女性,23,20代,栃木県,大田原市
ID_397,女性,61,60代,栃木県,栃木市
ID_398,女性,31,30代,福島県,郡山市
ID_399,女性,39,30代,栃木県,宇都宮市
ID_400,女性,41,40代,栃木県,那須塩原市
ID_401,男性,25,20代,埼玉県,川口市
ID_402,女性,51,50代,栃木県,真岡市
ID_403,男性,60,60代,群馬県,太田市
ID_404,女性,37,30代,埼玉県,狭山市
ID_405,男性,36,30代,栃木県,宇都宮市
ID_406,男性,46,40代,埼玉県,久喜市
ID_407,男性,44,40代,茨城県,古河市
ID_408,女性,46,40代,栃木県,宇都宮市
ID_409,女性,50,50代,栃木県,宇都宮市
ID_410,女性,27,20代,栃木県,宇都宮市
ID_411,女性,73,70歳以上,神奈川県,逗子市
ID_412,女性,36,30代,栃木県,佐野市
ID_413,男性,47,40代,群馬県,高崎市
ID_414,女性,45,40代,栃木県,宇都宮市
ID_415,女性,40,40代,栃木県,宇都宮市
ID_416,女性,24,20代,埼玉県,川口市
ID_417,男性,83,70歳以上,栃木県,宇都宮市
ID_418,女性,37,30代,栃木県,宇都宮市
ID_419,女性,29,20代,栃木県,日光市
ID_420,男性,48,40代,栃木県,佐野市
ID_421,女性,35,30代,栃木県,宇都宮市
ID_422,男性,50,50代,栃木県,宇都宮市
ID_423,女性,23,20代,栃木県,栃木市
ID_424,女性,59,50代,群馬県,太田市
ID_425,男性,27,20代,栃木県,宇都宮市
ID_426,女性,61,60代,栃木県,鹿沼市
ID_427,女性,51,50代,栃木県,宇都宮市
ID_428,女性,67,60代,埼玉県,深谷市
ID_429,女性,58,50代,栃木県,下野市
ID_430,男性,44,40代,栃木県,足利市
ID_431,男性,50,50代,栃木県,栃木市
ID_432,女性,47,40代,栃木県,下都賀郡野木町
ID_433,女性,21,20代,栃木県,那須塩原市
ID_434,男性,54,50代,栃木県,足利市
ID_435,女性,50,50代,茨城県,猿島郡境町
ID_436,女性,23,20代,栃木県,小山市
ID_437,女性,34,30代,栃木県,下野市
ID_438,男性,86,70歳以上,栃木県,宇都宮市
ID_439,女性,56,50代,栃木県,小山市
ID_440,男性,31,30代,栃木県,宇都宮市
ID_441,女性,44,40代,栃木県,日光市
ID_442,男性,57,50代,栃木県,佐野市
ID_443,女性,39,30代,栃木県,宇都宮市
ID_444,女性,51,50代,栃木県,宇都宮市
ID_445,女性,26,20代,栃木県,鹿沼市
ID_446,女性,30,30代,栃木県,那須塩原市
ID_447,女性,51,50代,栃木県,宇都宮市
ID_448,男性,35,30代,栃木県,大田原市
ID_449,女性,23,20代,栃木県,大田原市
ID_450,女性,44,40代,栃木県,宇都宮市
ID_451,女性,26,20代,埼玉県,白岡市
ID_452,男性,25,20代,栃木県,足利市
ID_453,女性,29,20代,栃木県,宇都宮市
ID_454,女性,43,40代,栃木県,小山市
ID_455,女性,33,30代,栃木県,宇都宮市
ID_456,男性,32,30代,栃木県,宇都宮市
ID_457,女性,40,40代,栃木県,下都賀郡壬生町
ID_458,男性,32,30代,栃木県,芳賀郡茂木町
ID_459,女性,43,40代,栃木県,足利市
ID_460,女性,45,40代,栃木県,小山市
ID_461,女性,33,30代,栃木県,佐野市
ID_462,女性,57,50代,栃木県,下都賀郡野木町
ID_463,女性,50,50代,栃木県,鹿沼市
ID_464,男性,43,40代,茨城県,古河市
ID_465,女性,37,30代,栃木県,宇都宮市
ID_466,女性,48,40代,栃木県,下都賀郡野木町
ID_467,女性,45,40代,栃木県,下野市
ID_468,女性,48,40代,栃木県,下都賀郡野木町
ID_469,女性,55,50代,栃木県,下野市
ID_470,女性,22,20代,栃木県,大田原市
ID_471,男性,25,20代,栃木県,大田原市
ID_472,女性,23,20代,栃木県,大田原市
ID_473,女性,43,40代,東京都,練馬区
ID_474,女性,43,40代,栃木県,那須塩原市
ID_475,女性,41,40代,茨城県,古河市
ID_476,女性,33,30代,群馬県,太田市
ID_477,女性,51,50代,栃木県,芳賀郡茂木町
ID_478,女性,59,50代,栃木県,宇都宮市
ID_479,男性,30,30代,栃木県,下都賀郡壬生町
ID_480,女性,43,40代,栃木県,日光市
ID_481,女性,63,60代,栃木県,足利市
ID_482,女性,34,30代,栃木県,矢板市
ID_483,女性,33,30代,栃木県,真岡市
ID_484,男性,60,60代,栃木県,小山市
ID_485,女性,55,50代,栃木県,宇都宮市
ID_486,女性,60,60代,栃木県,栃木市
ID_487,女性,34,30代,群馬県,邑楽郡邑楽町
ID_488,女性,19,20代,栃木県,宇都宮市
ID_489,女性,43,40代,栃木県,宇都宮市
ID_490,女性,58,50代,栃木県,佐野市
ID_491,女性,30,30代,栃木県,足利市
ID_492,女性,20,20代,群馬県,館林市
ID_493,女性,41,40代,栃木県,宇都宮市
ID_494,女性,48,40代,栃木県,宇都宮市
ID_495,女性,42,40代,栃木県,宇都宮市
ID_496,女性,54,50代,茨城県,古河市
ID_497,男性,69,60代,栃木県,足利市
ID_498,女性,42,40代,栃木県,宇都宮市
ID_499,女性,55,50代,栃木県,足利市
ID_500,男性,48,40代,栃木県,日光市
ID_501,女性,39,30代,栃木県,栃木市
ID_502,女性,44,40代,栃木県,河内郡上三川町
ID_503,女性,21,20代,栃木県,那須郡那須町
ID_504,女性,48,40代,栃木県,日光市
ID_505,女性,31,30代,栃木県,宇都宮市
ID_506,女性,64,60代,茨城県,古河市
ID_507,女性,26,20代,群馬県,前橋市
ID_508,男性,40,40代,栃木県,鹿沼市
ID_509,女性,43,40代,群馬県,太田市
ID_510,男性,27,20代,栃木県,鹿沼市
ID_511,男性,24,20代,栃木県,さくら市
ID_512,男性,23,20代,栃木県,大田原市
ID_513,女性,45,40代,栃木県,宇都宮市
ID_514,女性,52,50代,群馬県,みどり市
ID_515,女性,43,40代,栃木県,大田原市
ID_516,男性,48,40代,栃木県,佐野市
ID_517,男性,48,40代,栃木県,日光市
ID_518,女性,37,30代,栃木県,真岡市
ID_519,女性,56,50代,群馬県,みどり市
ID_520,男性,38,30代,栃木県,小山市
ID_521,女性,63,60代,栃木県,足利市
ID_522,女性,58,50代,群馬県,館林市
ID_523,男性,37,30代,栃木県,河内郡上三川町
ID_524,女性,27,20代,栃木県,矢板市
ID_525,女性,47,40代,栃木県,矢板市
ID_526,女性,36,30代,栃木県,小山市
ID_527,女性,47,40代,栃木県,下都賀郡野木町
ID_528,女性,46,40代,栃木県,栃木市
ID_529,男性,46,40代,栃木県,鹿沼市
ID_530,女性,32,30代,群馬県,邑楽郡板倉町
ID_531,男性,41,40代,茨城県,古河市
ID_532,女性,52,50代,栃木県,宇都宮市
ID_533,女性,47,40代,栃木県,足利市
ID_534,女性,48,40代,栃木県,栃木市
ID_535,男性,42,40代,神奈川県,川崎市麻生区
ID_536,女性,23,20代,栃木県,宇都宮市
ID_537,女性,29,20代,群馬県,太田市
ID_538,女性,35,30代,栃木県,河内郡上三川町
ID_539,男性,40,40代,栃木県,下都賀郡野木町
ID_540,女性,55,50代,栃木県,小山市
ID_541,女性,58,50代,栃木県,宇都宮市
ID_542,女性,44,40代,栃木県,宇都宮市
ID_543,女性,21,20代,茨城県,常総市
ID_544,男性,34,30代,栃木県,宇都宮市
ID_545,女性,57,50代,栃木県,小山市
ID_546,女性,22,20代,栃木県,矢板市
ID_547,女性,53,50代,栃木県,矢板市
ID_548,女性,57,50代,茨城県,古河市
ID_549,女性,36,30代,群馬県,太田市
ID_550,女性,56,50代,栃木県,下都賀郡野木町
ID_551,女性,47,40代,栃木県,日光市
ID_552,男性,60,60代,栃木県,栃木市
ID_553,女性,47,40代,栃木県,宇都宮市
ID_554,男性,27,20代,栃木県,宇都宮市
ID_555,女性,40,40代,栃木県,那須烏山市
ID_556,男性,63,60代,長崎県,大村市
ID_557,女性,29,20代,栃木県,小山市
ID_558,女性,28,20代,栃木県,塩谷郡高根沢町
ID_559,男性,40,40代,栃木県,宇都宮市
ID_560,男性,31,30代,栃木県,日光市
ID_561,女性,44,40代,栃木県,那須塩原市
ID_562,女性,42,40代,栃木県,宇都宮市
ID_563,男性,76,70歳以上,栃木県,那須塩原市
ID_564,女性,47,40代,栃木県,宇都宮市
ID_565,女性,64,60代,埼玉県,久喜市
ID_566,女性,56,50代,栃木県,下都賀郡野木町
ID_567,男性,53,50代,福島県,須賀川市
ID_568,女性,44,40代,群馬県,前橋市
ID_569,男性,38,30代,栃木県,佐野市
ID_570,女性,20,20代,栃木県,宇都宮市
ID_571,女性,49,40代,栃木県,真岡市
ID_572,女性,28,20代,栃木県,宇都宮市
ID_573,女性,43,40代,栃木県,佐野市
ID_574,男性,62,60代,栃木県,宇都宮市
ID_575,男性,71,70歳以上,栃木県,足利市
ID_576,女性,41,40代,栃木県,大田原市
ID_577,女性,45,40代,群馬県,太田市
ID_578,男性,45,40代,栃木県,鹿沼市
ID_579,女性,42,40代,栃木県,日光市
ID_580,女性,45,40代,栃木県,宇都宮市
ID_581,女性,61,60代,栃木県,大田原市
ID_582,女性,50,50代,栃木県,栃木市
ID_583,女性,32,30代,栃木県,栃木市
ID_584,男性,39,30代,栃木県,宇都宮市
ID_585,女性,41,40代,栃木県,那須塩原市
ID_586,女性,53,50代,栃木県,足利市
ID_587,女性,42,40代,栃木県,真岡市
ID_588,男性,41,40代,福島県,白河市
ID_589,女性,64,60代,栃木県,宇都宮市
ID_590,女性,44,40代,栃木県,塩谷郡高根沢町
ID_591,女性,41,40代,栃木県,宇都宮市
ID_592,男性,57,50代,栃木県,佐野市
ID_593,男性,27,20代,福島県,西白河郡西郷村
ID_594,女性,30,30代,栃木県,下都賀郡野木町
ID_595,女性,47,40代,栃木県,宇都宮市
ID_596,女性,60,60代,栃木県,真岡市
ID_597,女性,27,20代,栃木県,宇都宮市
ID_598,女性,29,20代,栃木県,宇都宮市
ID_599,男性,47,40代,栃木県,足利市
ID_600,男性,29,20代,栃木県,栃木市
ID_601,女性,37,30代,栃木県,宇都宮市
ID_602,女性,36,30代,埼玉県,幸手市
ID_603,女性,51,50代,栃木県,塩谷郡高根沢町
ID_604,男性,31,30代,栃木県,宇都宮市
ID_605,女性,49,40代,栃木県,小山市
ID_606,女性,24,20代,青森県,弘前市
ID_607,男性,29,20代,栃木県,塩谷郡高根沢町
ID_608,男性,33,30代,栃木県,宇都宮市
ID_609,女性,58,50代,栃木県,下野市
ID_610,女性,26,20代,埼玉県,深谷市
ID_611,女性,31,30代,茨城県,筑西市
ID_612,女性,63,60代,栃木県,宇都宮市
ID_613,男性,58,50代,栃木県,宇都宮市
ID_614,女性,55,50代,栃木県,鹿沼市
ID_615,男性,24,20代,栃木県,小山市
ID_616,女性,64,60代,栃木県,宇都宮市
ID_617,女性,74,70歳以上,栃木県,栃木市
ID_618,女性,44,40代,栃木県,宇都宮市
ID_619,男性,43,40代,栃木県,宇都宮市
ID_620,男性,49,40代,栃木県,宇都宮市
ID_621,女性,63,60代,栃木県,宇都宮市
ID_622,女性,35,30代,栃木県,那須烏山市
ID_623,女性,40,40代,栃木県,宇都宮市
ID_624,女性,51,50代,埼玉県,羽生市
ID_625,女性,45,40代,栃木県,宇都宮市
ID_626,男性,61,60代,栃木県,足利市
ID_627,女性,28,20代,栃木県,宇都宮市
ID_628,男性,43,40代,栃木県,栃木市
ID_629,男性,46,40代,栃木県,大田原市
ID_630,男性,44,40代,栃木県,塩谷郡高根沢町
ID_631,男性,41,40代,栃木県,佐野市
ID_632,男性,45,40代,栃木県,栃木市
ID_633,男性,38,30代,埼玉県,富士見市
ID_634,女性,30,30代,栃木県,宇都宮市
ID_635,女性,45,40代,栃木県,那須郡那須町
ID_636,女性,42,40代,栃木県,那須塩原市
ID_637,女性,54,50代,群馬県,邑楽郡邑楽町
ID_638,男性,68,60代,栃木県,栃木市
ID_639,男性,50,50代,栃木県,小山市
ID_640,男性,46,40代,栃木県,宇都宮市
ID_641,男性,41,40代,栃木県,下都賀郡壬生町
ID_642,女性,41,40代,栃木県,足利市
ID_643,女性,29,20代,栃木県,宇都宮市
ID_644,女性,55,50代,栃木県,河内郡上三川町
ID_645,女性,58,50代,栃木県,宇都宮市
ID_646,男性,54,50代,群馬県,邑楽郡邑楽町
ID_647,男性,32,30代,栃木県,宇都宮市
ID_648,女性,48,40代,栃木県,栃木市
ID_649,女性,68,60代,栃木県,小山市
ID_650,女性,31,30代,栃木県,佐野市
ID_651,男性,53,50代,栃木県,鹿沼市
ID_652,女性,43,40代,栃木県,那須塩原市
ID_653,男性,32,30代,栃木県,那須郡那須町
ID_654,男性,34,30代,栃木県,足利市
ID_655,女性,42,40代,山形県,山形市
ID_656,男性,46,40代,茨城県,筑西市
ID_657,女性,27,20代,栃木県,宇都宮市
ID_658,女性,44,40代,栃木県,宇都宮市
ID_659,男性,33,30代,栃木県,宇都宮市
ID_660,女性,23,20代,栃木県,那須塩原市
ID_661,女性,46,40代,栃木県,宇都宮市
ID_662,男性,62,60代,栃木県,宇都宮市
ID_663,女性,31,30代,栃木県,大田原市
ID_664,男性,29,20代,栃木県,栃木市
ID_665,男性,31,30代,栃木県,小山市
ID_666,女性,57,50代,栃木県,宇都宮市
ID_667,女性,67,60代,栃木県,大田原市
ID_668,男性,33,30代,栃木県,足利市
ID_669,女性,38,30代,栃木県,宇都宮市
ID_670,女性,57,50代,群馬県,館林市
ID_671,女性,40,40代,栃木県,宇都宮市
ID_672,女性,26,20代,栃木県,下都賀郡壬生町
ID_673,女性,34,30代,栃木県,矢板市
ID_674,女性,31,30代,栃木県,那須塩原市
ID_675,女性,54,50代,栃木県,那須塩原市
ID_676,男性,46,40代,栃木県,佐野市
ID_677,男性,65,60代,埼玉県,幸手市
ID_678,女性,60,60代,栃木県,那須郡那珂川町
ID_679,女性,38,30代,栃木県,真岡市
ID_680,女性,24,20代,栃木県,大田原市
ID_681,男性,38,30代,栃木県,佐野市
ID_682,女性,46,40代,栃木県,宇都宮市
ID_683,男性,30,30代,栃木県,日光市
ID_684,女性,25,20代,栃木県,佐野市
ID_685,女性,29,20代,栃木県,真岡市
ID_686,女性,43,40代,栃木県,大田原市
ID_687,女性,48,40代,栃木県,足利市
ID_688,女性,47,40代,栃木県,大田原市
ID_689,男性,43,40代,栃木県,足利市
ID_690,男性,62,60代,栃木県,小山市
ID_691,女性,55,50代,栃木県,佐野市
ID_692,女性,29,20代,栃木県,真岡市
ID_693,女性,36,30代,栃木県,足利市
ID_694,男性,53,50代,栃木県,栃木市
ID_695,男性,38,30代,栃木県,大田原市
ID_696,女性,58,50代,栃木県,佐野市
ID_697,男性,27,20代,栃木県,宇都宮市
ID_698,男性,48,40代,栃木県,那須塩原市
ID_699,男性,45,40代,栃木県,足利市
ID_700,女性,56,50代,栃木県,小山市
ID_701,女性,64,60代,栃木県,宇都宮市
ID_702,女性,50,50代,栃木県,宇都宮市
ID_703,女性,30,30代,栃木県,宇都宮市
ID_704,女性,35,30代,栃木県,宇都宮市
ID_705,男性,44,40代,栃木県,宇都宮市
ID_706,男性,59,50代,栃木県,足利市
ID_707,男性,68,60代,群馬県,邑楽郡邑楽町
ID_708,女性,41,40代,栃木県,小山市
ID_709,女性,48,40代,栃木県,栃木市
ID_710,女性,39,30代,栃木県,小山市
ID_711,女性,56,50代,栃木県,芳賀郡芳賀町
ID_712,女性,58,50代,栃木県,真岡市
ID_713,男性,61,60代,栃木県,日光市
ID_714,女性,55,50代,埼玉県,深谷市
ID_715,女性,34,30代,栃木県,矢板市
ID_716,女性,52,50代,栃木県,宇都宮市
ID_717,女性,54,50代,栃木県,芳賀郡益子町
ID_718,女性,46,40代,栃木県,真岡市
ID_719,女性,66,60代,栃木県,佐野市
ID_720,女性,68,60代,栃木県,足利市
ID_721,女性,51,50代,栃木県,宇都宮市
ID_722,女性,27,20代,栃木県,小山市
ID_723,女性,26,20代,栃木県,宇都宮市
ID_724,女性,44,40代,栃木県,鹿沼市
ID_725,男性,44,40代,栃木県,宇都宮市
ID_726,女性,57,50代,栃木県,下都賀郡野木町
ID_727,女性,58,50代,栃木県,宇都宮市
ID_728,男性,67,60代,群馬県,太田市
ID_729,女性,25,20代,北海道,札幌市厚別区
ID_730,女性,62,60代,栃木県,宇都宮市
ID_731,女性,49,40代,栃木県,小山市
ID_732,男性,61,60代,栃木県,足利市
ID_733,女性,28,20代,栃木県,宇都宮市
ID_734,女性,42,40代,栃木県,宇都宮市
ID_735,男性,30,30代,栃木県,小山市
ID_736,女性,65,60代,栃木県,宇都宮市
ID_737,女性,27,20代,栃木県,宇都宮市
ID_738,女性,38,30代,栃木県,宇都宮市
ID_739,女性,70,70歳以上,栃木県,鹿沼市
ID_740,女性,31,30代,栃木県,宇都宮市
ID_741,女性,28,20代,栃木県,那須塩原市
ID_742,男性,46,40代,茨城県,筑西市
ID_743,女性,39,30代,栃木県,塩谷郡高根沢町
ID_744,女性,59,50代,栃木県,宇都宮市
ID_745,女性,40,40代,栃木県,宇都宮市
ID_746,女性,58,50代,栃木県,日光市
ID_747,女性,24,20代,栃木県,那須塩原市
ID_748,女性,62,60代,栃木県,那須郡那須町
ID_749,男性,27,20代,栃木県,大田原市
ID_750,男性,37,30代,栃木県,宇都宮市
ID_751,女性,51,50代,栃木県,宇都宮市
ID_752,女性,27,20代,栃木県,宇都宮市
ID_753,男性,24,20代,栃木県,鹿沼市
ID_754,女性,31,30代,茨城県,結城市
ID_755,女性,70,70歳以上,栃木県,那須塩原市
ID_756,女性,30,30代,群馬県,伊勢崎市
ID_757,女性,56,50代,栃木県,小山市
ID_758,男性,37,30代,栃木県,宇都宮市
ID_759,女性,25,20代,栃木県,大田原市
ID_760,男性,36,30代,栃木県,小山市
ID_761,男性,32,30代,栃木県,下都賀郡野木町
ID_762,女性,60,60代,栃木県,足利市
ID_763,女性,49,40代,栃木県,鹿沼市
ID_764,女性,51,50代,群馬県,太田市
ID_765,男性,71,70歳以上,栃木県,那須塩原市
ID_766,女性,52,50代,栃木県,宇都宮市
ID_767,男性,54,50代,栃木県,佐野市
ID_768,女性,70,70歳以上,栃木県,真岡市
ID_769,男性,35,30代,栃木県,宇都宮市
ID_770,男性,40,40代,栃木県,下都賀郡壬生町
ID_771,女性,61,60代,栃木県,日光市
ID_772,女性,32,30代,栃木県,大田原市
ID_773,女性,41,40代,栃木県,那須塩原市
ID_774,女性,46,40代,栃木県,栃木市
ID_775,女性,50,50代,栃木県,足利市
ID_776,女性,26,20代,栃木県,下都賀郡壬生町
ID_777,女性,62,60代,栃木県,宇都宮市
ID_778,男性,23,20代,栃木県,宇都宮市
ID_779,男性,53,50代,栃木県,那須塩原市
ID_780,女性,45,40代,栃木県,足利市
ID_781,女性,73,70歳以上,栃木県,那須塩原市
ID_782,女性,24,20代,栃木県,宇都宮市
ID_783,男性,36,30代,埼玉県,白岡市
ID_784,女性,39,30代,栃木県,栃木市
ID_785,女性,27,20代,宮城県,仙台市若林区
ID_786,男性,47,40代,栃木県,宇都宮市
ID_787,女性,29,20代,栃木県,鹿沼市
ID_788,女性,53,50代,栃木県,真岡市
ID_789,女性,27,20代,栃木県,大田原市
ID_790,男性,60,60代,福島県,白河市
ID_791,女性,42,40代,栃木県,佐野市
ID_792,男性,34,30代,栃木県,宇都宮市
ID_793,女性,55,50代,栃木県,佐野市
ID_794,男性,24,20代,栃木県,下都賀郡野木町
ID_795,女性,36,30代,栃木県,宇都宮市
ID_796,女性,60,60代,群馬県,館林市
ID_797,女性,54,50代,栃木県,栃木市
ID_798,女性,33,30代,栃木県,宇都宮市
ID_799,女性,51,50代,栃木県,宇都宮市
ID_800,男性,46,40代,茨城県,筑西市
ID_801,女性,21,20代,栃木県,宇都宮市
ID_802,男性,79,70歳以上,栃木県,真岡市
ID_803,女性,51,50代,栃木県,下野市
ID_804,女性,31,30代,栃木県,宇都宮市
ID_805,女性,43,40代,栃木県,栃木市
ID_806,男性,49,40代,栃木県,矢板市
ID_807,男性,60,60代,栃木県,那須塩原市
ID_808,女性,65,60代,栃木県,小山市
ID_809,女性,42,40代,栃木県,小山市
ID_810,男性,43,40代,栃木県,宇都宮市
ID_811,男性,26,20代,栃木県,足利市
ID_812,女性,59,50代,栃木県,栃木市
ID_813,男性,36,30代,群馬県,桐生市
ID_814,男性,31,30代,栃木県,大田原市
ID_815,男性,23,20代,栃木県,那須郡那須町
ID_816,男性,53,50代,栃木県,那須塩原市
ID_817,女性,37,30代,栃木県,下都賀郡壬生町
ID_818,女性,58,50代,栃木県,宇都宮市
ID_819,女性,33,30代,栃木県,佐野市
ID_820,男性,51,50代,栃木県,足利市
ID_821,女性,23,20代,栃木県,宇都宮市
ID_822,女性,33,30代,栃木県,宇都宮市
ID_823,女性,43,40代,栃木県,小山市
ID_824,女性,52,50代,栃木県,宇都宮市
ID_825,女性,37,30代,栃木県,宇都宮市
ID_826,男性,32,30代,栃木県,宇都宮市
ID_827,男性,63,60代,栃木県,那須烏山市
ID_828,女性,58,50代,栃木県,宇都宮市
ID_829,女性,33,30代,栃木県,那須塩原市
ID_830,女性,57,50代,栃木県,宇都宮市
ID_831,女性,39,30代,栃木県,鹿沼市
ID_832,女性,44,40代,栃木県,真岡市
ID_833,女性,42,40代,栃木県,芳賀郡芳賀町
ID_834,男性,34,30代,栃木県,小山市
ID_835,男性,36,30代,栃木県,河内郡上三川町
ID_836,男性,30,30代,群馬県,桐生市
ID_837,女性,49,40代,栃木県,那須塩原市
ID_838,女性,26,20代,栃木県,佐野市
ID_839,女性,39,30代,栃木県,鹿沼市
ID_840,男性,66,60代,栃木県,真岡市
ID_841,女性,33,30代,栃木県,宇都宮市
ID_842,男性,51,50代,茨城県,筑西市
ID_843,女性,48,40代,栃木県,さくら市
ID_844,男性,44,40代,栃木県,佐野市
ID_845,男性,41,40代,栃木県,宇都宮市
ID_846,男性,51,50代,栃木県,宇都宮市
ID_847,女性,50,50代,栃木県,真岡市
ID_848,男性,59,50代,茨城県,結城市
ID_849,女性,27,20代,栃木県,宇都宮市
ID_850,女性,45,40代,栃木県,矢板市
ID_851,女性,26,20代,栃木県,鹿沼市
ID_852,女性,41,40代,栃木県,下野市
ID_853,女性,42,40代,栃木県,宇都宮市
ID_854,女性,32,30代,栃木県,宇都宮市
ID_855,女性,60,60代,栃木県,塩谷郡塩谷町
ID_856,男性,30,30代,栃木県,宇都宮市
ID_857,男性,43,40代,栃木県,那須塩原市
ID_858,女性,58,50代,栃木県,小山市
ID_859,女性,64,60代,栃木県,佐野市
ID_860,女性,49,40代,栃木県,小山市
ID_861,男性,44,40代,栃木県,宇都宮市
ID_862,女性,47,40代,栃木県,宇都宮市
ID_863,女性,56,50代,栃木県,宇都宮市
ID_864,女性,27,20代,栃木県,下都賀郡壬生町
ID_865,女性,52,50代,栃木県,日光市
ID_866,男性,29,20代,栃木県,芳賀郡市貝町
ID_867,男性,60,60代,福島県,白河市
ID_868,女性,60,60代,栃木県,宇都宮市
ID_869,女性,30,30代,栃木県,小山市
ID_870,女性,41,40代,栃木県,宇都宮市
ID_871,女性,36,30代,栃木県,日光市
ID_872,男性,54,50代,栃木県,宇都宮市
ID_873,女性,29,20代,栃木県,大田原市
ID_874,女性,46,40代,栃木県,河内郡上三川町
ID_875,女性,70,70歳以上,栃木県,足利市
ID_876,女性,46,40代,栃木県,日光市
ID_877,女性,39,30代,栃木県,佐野市
ID_878,女性,78,70歳以上,栃木県,芳賀郡益子町
ID_879,女性,49,40代,栃木県,那須塩原市
ID_880,女性,45,40代,栃木県,那須郡那須町
ID_881,女性,48,40代,栃木県,宇都宮市
ID_882,男性,34,30代,栃木県,宇都宮市
ID_883,女性,30,30代,栃木県,那須郡那珂川町
ID_884,女性,57,50代,栃木県,矢板市
ID_885,女性,58,50代,栃木県,宇都宮市
ID_886,女性,47,40代,栃木県,鹿沼市
ID_887,女性,78,70歳以上,栃木県,芳賀郡益子町
ID_888,女性,78,70歳以上,栃木県,芳賀郡益子町
ID_889,女性,55,50代,栃木県,下都賀郡壬生町
ID_890,女性,61,60代,栃木県,足利市
ID_891,女性,52,50代,栃木県,宇都宮市
ID_892,男性,49,40代,栃木県,栃木市
ID_893,男性,63,60代,栃木県,小山市
ID_894,男性,36,30代,茨城県,結城市
ID_895,女性,51,50代,栃木県,宇都宮市
ID_896,男性,65,60代,栃木県,宇都宮市
ID_897,女性,35,30代,栃木県,真岡市
ID_898,女性,63,60代,栃木県,宇都宮市
ID_899,女性,46,40代,栃木県,宇都宮市
ID_900,男性,61,60代,栃木県,足利市
ID_901,女性,49,40代,栃木県,那須塩原市
ID_902,男性,55,50代,栃木県,那須塩原市
ID_903,女性,39,30代,栃木県,佐野市
ID_904,女性,33,30代,栃木県,小山市
ID_905,女性,30,30代,東京都,八王子市
ID_906,男性,45,40代,栃木県,足利市
ID_907,男性,69,60代,栃木県,宇都宮市
ID_908,女性,51,50代,栃木県,宇都宮市
ID_909,女性,49,40代,栃木県,真岡市
ID_910,男性,50,50代,群馬県,邑楽郡板倉町
ID_911,女性,44,40代,茨城県,筑西市
ID_912,女性,34,30代,栃木県,宇都宮市
ID_913,女性,60,60代,栃木県,足利市
ID_914,女性,29,20代,栃木県,宇都宮市
ID_915,男性,32,30代,栃木県,栃木市
ID_916,男性,66,60代,栃木県,宇都宮市
ID_917,女性,71,70歳以上,栃木県,佐野市
ID_918,女性,40,40代,栃木県,那須塩原市
ID_919,女性,47,40代,栃木県,宇都宮市
ID_920,女性,71,70歳以上,栃木県,佐野市
ID_921,男性,72,70歳以上,栃木県,宇都宮市
ID_922,女性,33,30代,栃木県,宇都宮市
ID_923,女性,52,50代,栃木県,栃木市
ID_924,女性,62,60代,栃木県,鹿沼市
ID_925,女性,54,50代,栃木県,宇都宮市
ID_926,女性,38,30代,栃木県,宇都宮市
ID_927,男性,36,30代,栃木県,栃木市
ID_928,女性,50,50代,栃木県,宇都宮市
ID_929,男性,33,30代,栃木県,宇都宮市
ID_930,女性,32,30代,栃木県,宇都宮市
ID_931,女性,52,50代,栃木県,日光市
ID_932,女性,41,40代,栃木県,那須郡那須町
ID_933,男性,53,50代,栃木県,足利市
ID_934,女性,34,30代,栃木県,宇都宮市
ID_935,女性,38,30代,栃木県,宇都宮市
ID_936,女性,43,40代,栃木県,塩谷郡塩谷町
ID_937,女性,49,40代,栃木県,宇都宮市
